Label,Block,Row,Rep,Vine,Rootstock,Scion,Date,Year,Week,Location,leaf_temp,A,E,gsw
C_1,Liberty,2,1,2,Teleki 5C,Chardonnay,2018-06-19,2018,1,Liberty,85.80000000000001,17.715318515,0.006779207000000001,0.2766245035
C_2,Liberty,2,1,3,Teleki 5C,Chardonnay,2018-06-19,2018,1,Liberty,80.35,19.31040813,0.008457352,0.3665816205
C_3,Liberty,2,1,5,Teleki 5C,Chardonnay,2018-06-19,2018,1,Liberty,85.45,18.944113799999997,0.008374995,0.3751092505
C_4,Liberty,4,1,3,1103 Paulsen,Chardonnay,2018-06-19,2018,1,Liberty,74.6,18.15004431,0.0083131765,0.3466344655
C_5,Liberty,4,1,4,1103 Paulsen,Chardonnay,2018-06-19,2018,1,Liberty,86.05000000000001,24.087457935,0.010951846000000001,0.48423750050000003
C_6,Liberty,4,1,5,1103 Paulsen,Chardonnay,2018-06-19,2018,1,Liberty,86.05,13.6870312195,0.0050028145,0.19895993750000002
C_7,Liberty,8,2,1,Freedom,Chardonnay,2018-06-19,2018,1,Liberty,92.4,16.934644495,0.0049968075,0.1822459455
C_8,Liberty,8,2,2,Freedom,Chardonnay,2018-06-19,2018,1,Liberty,90.55,12.735810435000001,0.0038655535,0.134824612
C_9,Liberty,8,2,4,Freedom,Chardonnay,2018-06-19,2018,1,Liberty,88.5,11.891222332,0.003603383,0.125933663
C_10,Liberty,16,1,4,Freedom,Cabernet Sauvignon,2018-06-19,2018,1,Liberty,91.5,7.9875363005,0.00219204,0.068184909
C_11,Liberty,16,1,5,Freedom,Cabernet Sauvignon,2018-06-19,2018,1,Liberty,91.4,11.164666673500001,0.002689309,0.0874454305
C_12,Liberty,16,1,7,Freedom,Cabernet Sauvignon,2018-06-19,2018,1,Liberty,90.85,16.02652299,0.0046848375000000005,0.1585396935
C_13,Liberty,17,1,3,Teleki 5C,Cabernet Sauvignon,2018-06-19,2018,1,Liberty,96.85,14.235572085,0.004262922000000001,0.143567024
C_14,Liberty,17,1,4,Teleki 5C,Cabernet Sauvignon,2018-06-19,2018,1,Liberty,92.75,12.326643709999999,0.0035537955,0.11624936450000001
C_15,Liberty,17,1,6,Teleki 5C,Cabernet Sauvignon,2018-06-19,2018,1,Liberty,97.35,9.2655261095,0.0026756795,0.088529553
C_16,Liberty,19,1,3,1103 Paulsen,Cabernet Sauvignon,2018-06-19,2018,1,Liberty,94.9,9.1158015495,0.0025864195,0.08290247699999999
C_17,Liberty,19,1,4,1103 Paulsen,Cabernet Sauvignon,2018-06-19,2018,1,Liberty,102,5.937901077,0.0016723165,0.0501220915
C_18,Liberty,19,1,5,1103 Paulsen,Cabernet Sauvignon,2018-06-19,2018,1,Liberty,97.85,10.290405985500001,0.002773041,0.0841899045
C_19,103 SEC B CAB.,25,N/A,12,1103 Paulsen,Cabernet Sauvignon,2018-06-20,2018,1,Livingston,77.95,14.293303344999998,0.0032138115,0.1262052765
C_20,103 SEC B CAB.,25,N/A,13,1103 Paulsen,Cabernet Sauvignon,2018-06-20,2018,1,Livingston,91.1,12.647530295,0.0029312035,0.117238669
C_21,103 SEC B CAB.,25,N/A,14,1103 Paulsen,Cabernet Sauvignon,2018-06-20,2018,1,Livingston,87.5,11.28485194,0.002513449,0.098644868
C_22,005 SEC D,10,N/A,13,Freedom,Cabernet Sauvignon,2018-06-20,2018,1,Livingston,89.85,16.0912392,0.0046571684999999995,0.1916510185
C_23,005 SEC D,10,N/A,14,Freedom,Cabernet Sauvignon,2018-06-20,2018,1,Livingston,90.35,16.87346202,0.0046375945,0.1892203195
C_24,005 SEC D,10,N/A,15,Freedom,Cabernet Sauvignon,2018-06-20,2018,1,Livingston,94.9,17.99463307,0.005154121,0.2116893755
C_25,089 OLCESE 24,20,N/A,10,Freedom,Chardonnay,2018-06-20,2018,1,Livingston,85.8,19.541923885000003,0.0068387315,0.291757867
C_26,089 OLCESE 24,20,N/A,11,Freedom,Chardonnay,2018-06-20,2018,1,Livingston,92.3,15.39354839,0.004587822,0.188704397
C_27,089 OLCESE 24,20,N/A,12,Freedom,Chardonnay,2018-06-20,2018,1,Livingston,90.1,17.04517342,0.005746453,0.247461465
C_28,018 CARPENTER,7,N/A,12,Teleki 5C,Chardonnay,2018-06-20,2018,1,Livingston,95.55,9.1953255975,0.002072787,0.0791613365
C_29,018 CARPENTER,7,N/A,14,Teleki 5C,Chardonnay,2018-06-20,2018,1,Livingston,96.1,6.763752889,0.001413072,0.054284518999999996
C_30,018 CARPENTER,7,N/A,16,Teleki 5C,Chardonnay,2018-06-20,2018,1,Livingston,93.05,5.7712231615,0.0013124305,0.04993852
C_31,RIP 772,12,N/A,11,Teleki 5C,Cabernet Sauvignon,2018-06-21,2018,1,Ripperdan,71.8,17.806982740000002,0.0054290625,0.2323460305
C_32,RIP 772,12,N/A,12,Teleki 5C,Cabernet Sauvignon,2018-06-21,2018,1,Ripperdan,74.9,17.62302652,0.005004257,0.2071692185
C_33,RIP 772,12,N/A,13,Teleki 5C,Cabernet Sauvignon,2018-06-21,2018,1,Ripperdan,82.1,15.347186805,0.0040554345,0.16478785
C_34,RIP 760,5,N/A,11,1103 Paulsen,Chardonnay,2018-06-21,2018,1,Ripperdan,90.45,21.209918899999998,0.0084776755,0.3813433595
C_35,RIP 760,5,N/A,12,1103 Paulsen,Chardonnay,2018-06-21,2018,1,Ripperdan,86.45,20.888647415,0.0089438285,0.401943192
C_36,RIP 760,5,N/A,13,1103 Paulsen,Chardonnay,2018-06-21,2018,1,Ripperdan,85.94999999999999,21.2613068,0.0098997355,0.4470407435
C_37,RIP 775,4,N/A,11,Freedom,Cabernet Sauvignon,2018-06-21,2018,1,Ripperdan,97.15,14.610076865,0.003311871,0.12687487
C_38,RIP 775,4,N/A,12,Freedom,Cabernet Sauvignon,2018-06-21,2018,1,Ripperdan,92.9,14.084861385,0.0033101395,0.1291975065
C_39,RIP 775,4,N/A,13,Freedom,Cabernet Sauvignon,2018-06-21,2018,1,Ripperdan,84.05000000000001,16.845878355,0.0041378495000000005,0.164207078
C_40,RIP 730,11,N/A,11,Freedom,Chardonnay,2018-06-21,2018,1,Ripperdan,93.9,21.86677788,0.0081054445,0.356389693
C_41,RIP 730,11,N/A,12,Freedom,Chardonnay,2018-06-21,2018,1,Ripperdan,87.1,22.488419525,0.009022951,0.417309264
C_42,RIP 730,11,N/A,13,Freedom,Chardonnay,2018-06-21,2018,1,Ripperdan,83.6,18.458036290000003,0.007868132,0.34253117
C_43,Liberty,20,2,3,Teleki 5C,Cabernet Sauvignon,2018-06-26,2018,2,Liberty,93.75,12.72676206,0.0029630489999999997,0.118465144
C_44,Liberty,20,2,4,Teleki 5C,Cabernet Sauvignon,2018-06-26,2018,2,Liberty,93.55,11.67764214,0.0027574585,0.10737724
C_45,Liberty,20,2,5,Teleki 5C,Cabernet Sauvignon,2018-06-26,2018,2,Liberty,91.8,12.42922536,0.0028158725000000003,0.110228469
C_46,Liberty,21,2,3,1103 Paulsen,Cabernet Sauvignon,2018-06-26,2018,2,Liberty,89,13.54501771,0.0033858355,0.13368804099999998
C_47,Liberty,21,2,4,1103 Paulsen,Cabernet Sauvignon,2018-06-26,2018,2,Liberty,94.85,18.69869011,0.0056305675,0.237637518
C_48,Liberty,21,2,5,1103 Paulsen,Cabernet Sauvignon,2018-06-26,2018,2,Liberty,96.05,10.78865083,0.002671768,0.10425849100000001
C_49,Liberty,26,3,3,Freedom,Cabernet Sauvignon,2018-06-26,2018,2,Liberty,102.15,13.352682210000001,0.003218925,0.128362129
C_50,Liberty,26,3,4,Freedom,Cabernet Sauvignon,2018-06-26,2018,2,Liberty,91.3,16.881357559999998,0.0046062765,0.1903780915
C_51,Liberty,26,3,6,Freedom,Cabernet Sauvignon,2018-06-26,2018,2,Liberty,91.3,12.85490232,0.003093373,0.12422981450000001
C_52,Liberty,5,2,4,1103 Paulsen,Chardonnay,2018-06-26,2018,2,Liberty,99.35,17.26079024,0.0056160285,0.23423093350000002
C_53,Liberty,5,2,6,1103 Paulsen,Chardonnay,2018-06-26,2018,2,Liberty,90.85,20.062584355,0.00680992,0.2942965085
C_54,Liberty,5,2,7,1103 Paulsen,Chardonnay,2018-06-26,2018,2,Liberty,83.15,16.757822455,0.004835976,0.2011329755
C_55,Liberty,6,2,3,Teleki 5C,Chardonnay,2018-06-26,2018,2,Liberty,96.75,14.975441400000001,0.0046167034999999995,0.1926789225
C_56,Liberty,6,2,4,Teleki 5C,Chardonnay,2018-06-26,2018,2,Liberty,89.1,12.6325484105,0.00337816,0.1382395995
C_57,Liberty,6,2,5,Teleki 5C,Chardonnay,2018-06-26,2018,2,Liberty,93.9,13.956428565,0.0038758350000000002,0.160147866
C_58,Liberty,12,3,3,Freedom,Chardonnay,2018-06-26,2018,2,Liberty,91.65,14.97099221,0.0035866945000000003,0.14321540300000002
C_59,Liberty,12,3,4,Freedom,Chardonnay,2018-06-26,2018,2,Liberty,93.25,14.261920289999999,0.0037631315,0.153989484
C_60,Liberty,12,3,6,Freedom,Chardonnay,2018-06-26,2018,2,Liberty,93.85,10.406525738500001,0.0022328054999999998,0.086804726
C_61,005 SEC D,10,N/A,24,Freedom,Cabernet Sauvignon,2018-07-02,2018,2,Livingston,92.2,19.601743114999998,0.0065016045,0.2813976245
C_62,005 SEC D,10,N/A,25,Freedom,Cabernet Sauvignon,2018-07-02,2018,2,Livingston,93,14.724219175,0.004949167,0.2043339605
C_63,005 SEC D,10,N/A,26,Freedom,Cabernet Sauvignon,2018-07-02,2018,2,Livingston,87.69999999999999,16.99697867,0.005209889,0.217842384
C_64,089 OLCESE 24,20,N/A,13,Freedom,Chardonnay,2018-07-02,2018,2,Livingston,85.3,21.635273865000002,0.010080273,0.4590521085
C_65,089 OLCESE 24,20,N/A,14,Freedom,Chardonnay,2018-07-02,2018,2,Livingston,90.9,21.19382885,0.008006326,0.342088234
C_66,089 OLCESE 24,20,N/A,15,Freedom,Chardonnay,2018-07-02,2018,2,Livingston,89.6,23.4414601,0.009694245,0.44202774850000004
C_67,018 CARPENTER,7,N/A,18,Teleki 5C,Chardonnay,2018-07-02,2018,2,Livingston,91.7,10.20937415,0.0027444929999999998,0.1090584245
C_68,018 CARPENTER,7,N/A,20,Teleki 5C,Chardonnay,2018-07-02,2018,2,Livingston,94.2,7.232564787499999,0.0018490400000000001,0.0730395325
C_69,018 CARPENTER,7,N/A,22,Teleki 5C,Chardonnay,2018-07-02,2018,2,Livingston,98.7,6.7365333615,0.0015805385,0.0609901345
C_70,103 SEC B CAB.,25,N/A,15,1103 Paulsen,Cabernet Sauvignon,2018-07-02,2018,2,Livingston,92.95,NA,NA,NA
C_71,103 SEC B CAB.,25,N/A,16,1103 Paulsen,Cabernet Sauvignon,2018-07-02,2018,2,Livingston,100.8,NA,NA,NA
C_72,103 SEC B CAB.,25,N/A,17,1103 Paulsen,Cabernet Sauvignon,2018-07-02,2018,2,Livingston,95.05,NA,NA,NA
C_73,RIP 760,5,N/A,14,1103 Paulsen,Chardonnay,2018-06-27,2018,2,Ripperdan,91.95,13.915774885000001,0.0072905535,0.307876534
C_74,RIP 760,5,N/A,15,1103 Paulsen,Chardonnay,2018-06-27,2018,2,Ripperdan,88.8,19.26504894,0.0077342504999999995,0.3343678055
C_75,RIP 760,5,N/A,16,1103 Paulsen,Chardonnay,2018-06-27,2018,2,Ripperdan,88.8,19.853513585,0.0092529565,0.4094056945
C_76,RIP 775,4,N/A,14,Freedom,Cabernet Sauvignon,2018-06-27,2018,2,Ripperdan,98.55,18.271144675000002,0.006508874499999999,0.264643851
C_77,RIP 775,4,N/A,15,Freedom,Cabernet Sauvignon,2018-06-27,2018,2,Ripperdan,97.55,19.6830607,0.0057201430000000004,0.23639178900000002
C_78,RIP 775,4,N/A,16,Freedom,Cabernet Sauvignon,2018-06-27,2018,2,Ripperdan,100.25,16.724737805,0.004493747,0.1812596055
C_79,RIP 730,11,N/A,14,Freedom,Chardonnay,2018-06-27,2018,2,Ripperdan,98.85,19.762603204999998,0.0079593655,0.34185203200000003
C_80,RIP 730,11,N/A,15,Freedom,Chardonnay,2018-06-27,2018,2,Ripperdan,94.8,18.888154135,0.0073532965,0.3069142495
C_81,RIP 730,11,N/A,16,Freedom,Chardonnay,2018-06-27,2018,2,Ripperdan,88.45,21.410988055,0.010022664,0.45961025899999997
C_82,RIP 772,12,N/A,14,Teleki 5C,Cabernet Sauvignon,2018-06-27,2018,2,Ripperdan,98.7,16.109440625,0.004774311,0.19134057049999997
C_83,RIP 772,12,N/A,15,Teleki 5C,Cabernet Sauvignon,2018-06-27,2018,2,Ripperdan,91.8,15.088986035,0.0043759255,0.175884937
C_84,RIP 772,12,N/A,16,Teleki 5C,Cabernet Sauvignon,2018-06-27,2018,2,Ripperdan,90,11.243808265,0.0025090475,0.0961447515
C_85,Liberty,9,3,3,Teleki 5C,Chardonnay,2018-07-03,2018,3,Liberty,102.75,11.897374395,0.003316413,0.133354237
C_86,Liberty,9,3,4,Teleki 5C,Chardonnay,2018-07-03,2018,3,Liberty,97.2,6.006169441999999,0.0015351215000000001,0.059771748
C_87,Liberty,9,3,5,Teleki 5C,Chardonnay,2018-07-03,2018,3,Liberty,94.55,15.58379366,0.0046269305,0.1898678
C_88,Liberty,10,4,3,1103 Paulsen,Chardonnay,2018-07-03,2018,3,Liberty,83.6,21.054135764999998,0.0091822775,0.40313994799999997
C_89,Liberty,10,4,4,1103 Paulsen,Chardonnay,2018-07-03,2018,3,Liberty,87.6,20.606434195,0.0079009245,0.346361422
C_90,Liberty,10,4,5,1103 Paulsen,Chardonnay,2018-07-03,2018,3,Liberty,87.75,16.048612305,0.008177662,0.349917123
C_91,Liberty,13,4,3,Freedom,Chardonnay,2018-07-03,2018,3,Liberty,90.45,14.574429235,0.005225309,0.2161391905
C_92,Liberty,13,4,4,Freedom,Chardonnay,2018-07-03,2018,3,Liberty,83.75,17.743971145,0.0064703685,0.2747749155
C_93,Liberty,13,4,6,Freedom,Chardonnay,2018-07-03,2018,3,Liberty,89.6,11.64225433,0.003757477,0.147995146
C_94,Liberty,22,3,4,Teleki 5C,Cabernet Sauvignon,2018-07-03,2018,3,Liberty,88.5,13.258385454999999,0.003253997,0.1262420235
C_95,Liberty,22,3,5,Teleki 5C,Cabernet Sauvignon,2018-07-03,2018,3,Liberty,90,12.221049225000002,0.0031223530000000005,0.118031559
C_96,Liberty,22,3,6,Teleki 5C,Cabernet Sauvignon,2018-07-03,2018,3,Liberty,94.3,8.668885662,0.001814657,0.0679283465
C_97,Liberty,23,3,3,1103 Paulsen,Cabernet Sauvignon,2018-07-03,2018,3,Liberty,91.45,11.01789646,0.0023337165,0.08588851350000001
C_98,Liberty,23,3,5,1103 Paulsen,Cabernet Sauvignon,2018-07-03,2018,3,Liberty,87.5,13.7351137225,0.0036024029999999997,0.14128153499999999
C_99,Liberty,23,3,6,1103 Paulsen,Cabernet Sauvignon,2018-07-03,2018,3,Liberty,93.35,14.038172695,0.00338206,0.1330131085
C_100,Liberty,26,4,2,Freedom,Cabernet Sauvignon,2018-07-03,2018,3,Liberty,99.25,7.8870514505,0.001700011,0.0629539445
C_101,Liberty,26,4,5,Freedom,Cabernet Sauvignon,2018-07-03,2018,3,Liberty,88.80000000000001,11.717016655,0.0026938965,0.1030534235
C_102,Liberty,26,4,6,Freedom,Cabernet Sauvignon,2018-07-03,2018,3,Liberty,93.5,13.804247790000002,0.0035034259999999996,0.136579175
C_103,089 OLCESE 24,20,N/A,16,Freedom,Chardonnay,2018-07-09,2018,3,Livingston,87.85,10.0511815805,0.0030638595,0.11770544599999999
C_104,089 OLCESE 24,20,N/A,17,Freedom,Chardonnay,2018-07-09,2018,3,Livingston,96.15,18.87484423,0.00680061,0.285081479
C_105,089 OLCESE 24,20,N/A,18,Freedom,Chardonnay,2018-07-09,2018,3,Livingston,79,12.973230255,0.00413896,0.1619940735
C_106,018 CARPENTER,8,N/A,12,Teleki 5C,Chardonnay,2018-07-09,2018,3,Livingston,105.65,5.6185601925,0.0014749099999999998,0.047912135
C_107,018 CARPENTER,8,N/A,14,Teleki 5C,Chardonnay,2018-07-09,2018,3,Livingston,93.35,4.989502863,0.001230244,0.042298345
C_108,018 CARPENTER,8,N/A,16,Teleki 5C,Chardonnay,2018-07-09,2018,3,Livingston,98.6,5.628408813,0.0015856705000000001,0.055591178500000005
C_109,103 SEC B,25,N/A,22,1103 Paulsen,Cabernet Sauvignon,2018-07-09,2018,3,Livingston,103.7,4.085948243,0.0010446445,0.033441834000000004
C_110,103 SEC B,25,N/A,23,1103 Paulsen,Cabernet Sauvignon,2018-07-09,2018,3,Livingston,103.2,7.9801137424999995,0.002215188,0.0720156415
C_111,103 SEC B,25,N/A,24,1103 Paulsen,Cabernet Sauvignon,2018-07-09,2018,3,Livingston,92.5,5.728703539,0.00155023,0.05046742
C_112,005 SEC D,9,N/A,11,Freedom,Cabernet Sauvignon,2018-07-09,2018,3,Livingston,98.05,12.330911295,0.0039770905,0.11470693
C_113,005 SEC D,9,N/A,12,Freedom,Cabernet Sauvignon,2018-07-09,2018,3,Livingston,86.65,9.3707480875,0.0029382565,0.08601010349999999
C_114,005 SEC D,9,N/A,13,Freedom,Cabernet Sauvignon,2018-07-09,2018,3,Livingston,103.8,7.92272262,0.0027512765,0.084567116
C_115,RIP 775,6,N/A,11,Freedom,Cabernet Sauvignon,2018-07-05,2018,3,Ripperdan,85.44999999999999,22.926889765,0.0088049305,0.384198039
C_116,RIP 775,6,N/A,12,Freedom,Cabernet Sauvignon,2018-07-05,2018,3,Ripperdan,91.6,23.791878935,0.0092287425,0.4110861515
C_117,RIP 775,6,N/A,13,Freedom,Cabernet Sauvignon,2018-07-05,2018,3,Ripperdan,86.85,22.02644052,0.0093507485,0.417229026
C_118,RIP 730,12,N/A,11,Freedom,Chardonnay,2018-07-05,2018,3,Ripperdan,83.7,21.724334425000002,0.009153907999999999,0.400869653
C_119,RIP 730,12,N/A,12,Freedom,Chardonnay,2018-07-05,2018,3,Ripperdan,85.15,20.4310103,0.007488481999999999,0.3202292155
C_120,RIP 730,12,N/A,13,Freedom,Chardonnay,2018-07-05,2018,3,Ripperdan,88.19999999999999,19.394938664999998,0.0095572795,0.4312137585
C_121,RIP 772,13,N/A,11,Teleki 5C,Cabernet Sauvignon,2018-07-05,2018,3,Ripperdan,94.2,21.406198689999997,0.008508658,0.359571175
C_122,RIP 772,13,N/A,12,Teleki 5C,Cabernet Sauvignon,2018-07-05,2018,3,Ripperdan,91.1,15.140943905,0.0064442575,0.2602535815
C_123,RIP 772,13,N/A,13,Teleki 5C,Cabernet Sauvignon,2018-07-05,2018,3,Ripperdan,89.9,23.58492591,0.010172409,0.4583277365
C_124,RIP 760,6,N/A,11,1103 Paulsen,Chardonnay,2018-07-05,2018,3,Ripperdan,96.65,21.38960183,0.01179623,0.5452631935000001
C_125,RIP 760,6,N/A,12,1103 Paulsen,Chardonnay,2018-07-05,2018,3,Ripperdan,78.1,20.383500204999997,0.009761239,0.43162378749999997
C_126,RIP 760,6,N/A,13,1103 Paulsen,Chardonnay,2018-07-05,2018,3,Ripperdan,95.5,20.690948740000003,0.011014375,0.520743846
C_127,Liberty,20,2,3,Teleki 5C,Cabernet Sauvignon,2018-07-10,2018,4,Liberty,89.95,7.7593010705,0.0013141519999999999,0.0479841325
C_128,Liberty,20,2,4,Teleki 5C,Cabernet Sauvignon,2018-07-10,2018,4,Liberty,95.4,5.582607830000001,9.661960000000001e-4,0.0352768385
C_129,Liberty,20,2,5,Teleki 5C,Cabernet Sauvignon,2018-07-10,2018,4,Liberty,94.2,8.2342556255,0.001735973,0.062788947
C_130,Liberty,21,2,3,1103 Paulsen,Cabernet Sauvignon,2018-07-10,2018,4,Liberty,100.3,16.512803124999998,0.0040130055,0.156114955
C_131,Liberty,21,2,4,1103 Paulsen,Cabernet Sauvignon,2018-07-10,2018,4,Liberty,96.5,15.660726625,0.0042632115,0.169838518
C_132,Liberty,21,2,5,1103 Paulsen,Cabernet Sauvignon,2018-07-10,2018,4,Liberty,99.95,13.398295475000001,0.0033264454999999997,0.128390866
C_133,Liberty,26,3,3,Freedom,Cabernet Sauvignon,2018-07-10,2018,4,Liberty,97.1,12.183981248,0.002667986,0.098644235
C_134,Liberty,26,3,4,Freedom,Cabernet Sauvignon,2018-07-10,2018,4,Liberty,105.85,8.5825955865,0.0019668505,0.0694109785
C_135,Liberty,26,3,6,Freedom,Cabernet Sauvignon,2018-07-10,2018,4,Liberty,97.75,7.0544708830000005,0.0013694665,0.047744580499999995
C_136,Liberty,5,2,4,1103 Paulsen,Chardonnay,2018-07-10,2018,4,Liberty,93.85,13.200742875,0.0032363565,0.1228247945
C_137,Liberty,5,2,6,1103 Paulsen,Chardonnay,2018-07-10,2018,4,Liberty,104.15,10.8363265585,0.002935339,0.104089597
C_138,Liberty,5,2,8,1103 Paulsen,Chardonnay,2018-07-10,2018,4,Liberty,97,11.175876611,0.0024062425,0.0878499335
C_139,Liberty,6,2,4,Teleki 5C,Chardonnay,2018-07-10,2018,4,Liberty,99.3,10.1479065855,0.0029684430000000003,0.10533710900000001
C_140,Liberty,6,2,5,Teleki 5C,Chardonnay,2018-07-10,2018,4,Liberty,103.2,7.980388506000001,0.0022651045,0.074964086
C_141,Liberty,6,2,6,Teleki 5C,Chardonnay,2018-07-10,2018,4,Liberty,92.35,6.5983472459999994,0.0022550310000000002,0.0658245165
C_142,Liberty,12,3,3,Freedom,Chardonnay,2018-07-10,2018,4,Liberty,98.75,8.778141254,0.002541747,0.067868366
C_143,Liberty,12,3,4,Freedom,Chardonnay,2018-07-10,2018,4,Liberty,101.65,12.740483444999999,0.004352962,0.124728054
C_144,Liberty,12,3,6,Freedom,Chardonnay,2018-07-10,2018,4,Liberty,102.9,7.9610523314999995,0.0025596685,0.0655878215
C_145,018 CARPENTER,8,N/A,18,Teleki 5C,Chardonnay,2018-07-13,2018,4,Livingston,100.8,11.033511438,0.003339484,0.105922137
C_146,018 CARPENTER,8,N/A,20,Teleki 5C,Chardonnay,2018-07-13,2018,4,Livingston,95.95,8.673022335,0.0023677925000000002,0.0748915795
C_147,018 CARPENTER,8,N/A,22,Teleki 5C,Chardonnay,2018-07-13,2018,4,Livingston,102.35,8.1665562295,0.0022665295,0.07246844
C_148,103 SEC B,25,N/A,25,1103 Paulsen,Cabernet Sauvignon,2018-07-13,2018,4,Livingston,94.85,12.500404896,0.003127184,0.1045189745
C_149,103 SEC B,25,N/A,26,1103 Paulsen,Cabernet Sauvignon,2018-07-13,2018,4,Livingston,93.2,18.528666715,0.005591083,0.2047162615
C_150,103 SEC B,25,N/A,27,1103 Paulsen,Cabernet Sauvignon,2018-07-13,2018,4,Livingston,94.4,13.068457330000001,0.0029350814999999997,0.1003742685
C_151,005 SEC D,9,N/A,20,Freedom,Cabernet Sauvignon,2018-07-13,2018,4,Livingston,93.45,19.392690335,0.005531413000000001,0.21878823349999998
C_152,005 SEC D,9,N/A,21,Freedom,Cabernet Sauvignon,2018-07-13,2018,4,Livingston,98.25,18.476662564999998,0.0059526375,0.236187442
C_153,005 SEC D,9,N/A,22,Freedom,Cabernet Sauvignon,2018-07-13,2018,4,Livingston,99.6,14.311527895000001,0.0041453440000000005,0.1430515745
C_154,089 OLCESE 24,20,N/A,18,Freedom,Chardonnay,2018-07-13,2018,4,Livingston,96.9,17.87878028,0.005937963,0.2464659185
C_155,089 OLCESE 24,20,N/A,19,Freedom,Chardonnay,2018-07-13,2018,4,Livingston,102.75,24.50744503,0.011559158,0.49506471399999996
C_156,089 OLCESE 24,20,N/A,20,Freedom,Chardonnay,2018-07-13,2018,4,Livingston,95.6,17.05074124,0.006967178,0.295875967
C_157,RIP 730,12,N/A,14,Freedom,Chardonnay,2018-07-11,2018,4,Ripperdan,91.65,19.49549794,0.0084987635,0.331311054
C_158,RIP 730,12,N/A,15,Freedom,Chardonnay,2018-07-11,2018,4,Ripperdan,91.6,12.096556639500001,0.004809529999999999,0.1537635415
C_159,RIP 730,12,N/A,16,Freedom,Chardonnay,2018-07-11,2018,4,Ripperdan,89,16.25645682,0.0068298335,0.2357704015
C_160,RIP 772,13,N/A,14,Teleki 5C,Cabernet Sauvignon,2018-07-11,2018,4,Ripperdan,94.25,20.943297455,0.009012112,0.367037715
C_161,RIP 772,13,N/A,15,Teleki 5C,Cabernet Sauvignon,2018-07-11,2018,4,Ripperdan,92.45,16.448661515,0.005543868,0.1962883435
C_162,RIP 772,13,N/A,16,Teleki 5C,Cabernet Sauvignon,2018-07-11,2018,4,Ripperdan,95.95,10.760307708,0.0027822215000000003,0.08859576250000001
C_163,RIP 760,6,N/A,14,1103 Paulsen,Chardonnay,2018-07-11,2018,4,Ripperdan,89.75,20.0717559,0.0081144805,0.33627876
C_164,RIP 760,6,N/A,15,1103 Paulsen,Chardonnay,2018-07-11,2018,4,Ripperdan,89.30000000000001,16.027666875,0.0070955225,0.28879575150000003
C_165,RIP 760,6,N/A,16,1103 Paulsen,Chardonnay,2018-07-11,2018,4,Ripperdan,94,18.860204365,0.0086671485,0.37686136
C_166,RIP 775,6,N/A,14,Freedom,Cabernet Sauvignon,2018-07-11,2018,4,Ripperdan,99.15,13.958492645,0.004430647,0.1247524495
C_167,RIP 775,6,N/A,15,Freedom,Cabernet Sauvignon,2018-07-11,2018,4,Ripperdan,100.8,13.229561565000001,0.004225171,0.13585116
C_168,RIP 775,6,N/A,16,Freedom,Cabernet Sauvignon,2018-07-11,2018,4,Ripperdan,94.75,13.579336605000002,0.0041661135000000005,0.1302330635
C_169,Liberty,2,1,2,Teleki 5C,Chardonnay,2018-07-17,2018,5,Liberty,95.7,14.379233245,0.0035196155,0.1402039915
C_170,Liberty,2,1,3,Teleki 5C,Chardonnay,2018-07-17,2018,5,Liberty,87.6,13.158453125000001,0.0034687305,0.1397718205
C_171,Liberty,2,1,5,Teleki 5C,Chardonnay,2018-07-17,2018,5,Liberty,93.2,19.352653515,0.006575020500000001,0.27949619950000004
C_172,Liberty,4,1,3,1103 Paulsen,Chardonnay,2018-07-17,2018,5,Liberty,87.95,14.063823621000001,0.0063945215,0.2815950815
C_173,Liberty,4,1,4,1103 Paulsen,Chardonnay,2018-07-17,2018,5,Liberty,87.55,19.34755078,0.0067073805,0.2848842585
C_174,Liberty,4,1,5,1103 Paulsen,Chardonnay,2018-07-17,2018,5,Liberty,90.15,17.520102785,0.0066859825,0.280757574
C_175,Liberty,8,2,2,Freedom,Chardonnay,2018-07-17,2018,5,Liberty,92.65,15.330680919999999,0.0048271895,0.190752809
C_176,Liberty,8,2,4,Freedom,Chardonnay,2018-07-17,2018,5,Liberty,103.45,10.971640053,0.0031238485,0.121416915
C_177,Liberty,8,2,5,Freedom,Chardonnay,2018-07-17,2018,5,Liberty,90.85,16.97124432,0.0051000015,0.20469996699999998
C_178,Liberty,16,1,4,Freedom,Cabernet Sauvignon,2018-07-17,2018,5,Liberty,99.35,10.7486169895,0.0020460825,0.075267056
C_179,Liberty,16,1,5,Freedom,Cabernet Sauvignon,2018-07-17,2018,5,Liberty,98.05,2.9835048960000004,5.58376e-4,0.019674223999999997
C_180,Liberty,16,1,7,Freedom,Cabernet Sauvignon,2018-07-17,2018,5,Liberty,100.45,7.4461745295,0.0012269205,0.045841915
C_181,Liberty,17,1,3,Teleki 5C,Cabernet Sauvignon,2018-07-17,2018,5,Liberty,101.65,11.4532363695,0.00250489,0.0929156715
C_182,Liberty,17,1,4,Teleki 5C,Cabernet Sauvignon,2018-07-17,2018,5,Liberty,103.6,7.5605519595,0.0016743584999999999,0.0586938665
C_183,Liberty,17,1,6,Teleki 5C,Cabernet Sauvignon,2018-07-17,2018,5,Liberty,108.95,11.85314552,0.0028358280000000003,0.102440421
C_184,Liberty,19,1,3,1103 Paulsen,Cabernet Sauvignon,2018-07-17,2018,5,Liberty,100.45,11.9277202665,0.0029023915,0.09859606750000001
C_185,Liberty,19,1,4,1103 Paulsen,Cabernet Sauvignon,2018-07-17,2018,5,Liberty,101.95,14.40877361,0.004066114500000001,0.1481641745
C_186,Liberty,19,1,5,1103 Paulsen,Cabernet Sauvignon,2018-07-17,2018,5,Liberty,99.25,12.046678251500001,0.0030555635000000005,0.105167577
C_187,103 SEC B CAB.,26,N/A,12,1103 Paulsen,Cabernet Sauvignon,2018-07-18,2018,5,Livingston,95.55,10.928525740000001,0.002318442,0.085076086
C_188,103 SEC B CAB.,26,N/A,13,1103 Paulsen,Cabernet Sauvignon,2018-07-18,2018,5,Livingston,92.45,18.253229585,0.005348645,0.209391655
C_189,103 SEC B CAB.,26,N/A,14,1103 Paulsen,Cabernet Sauvignon,2018-07-18,2018,5,Livingston,98.05,8.4754510135,0.0018993525000000002,0.06649015250000001
C_190,005 SEC D,8,N/A,14,Freedom,Cabernet Sauvignon,2018-07-18,2018,5,Livingston,103.8,21.34211741,0.0073028985,0.2908265935
C_191,005 SEC D,8,N/A,15,Freedom,Cabernet Sauvignon,2018-07-18,2018,5,Livingston,98.95,17.83433361,0.0052966835,0.2062478975
C_192,005 SEC D,8,N/A,16,Freedom,Cabernet Sauvignon,2018-07-18,2018,5,Livingston,97.75,16.92952086,0.0047268645000000005,0.1900889495
C_193,089 OLCESE 24,21,N/A,10,Freedom,Chardonnay,2018-07-18,2018,5,Livingston,95.25,13.052001835,0.003987139,0.148901573
C_194,089 OLCESE 24,21,N/A,11,Freedom,Chardonnay,2018-07-18,2018,5,Livingston,91.9,13.792140275000001,0.0038425115,0.14217862
C_195,089 OLCESE 24,21,N/A,12,Freedom,Chardonnay,2018-07-18,2018,5,Livingston,94.7,14.91179572,0.00441191,0.1613648105
C_196,018 CARPENTER,9,N/A,12,Teleki 5C,Chardonnay,2018-07-18,2018,5,Livingston,102,5.2885054755,0.0014793235,0.047299124
C_197,018 CARPENTER,9,N/A,14,Teleki 5C,Chardonnay,2018-07-18,2018,5,Livingston,105.05,5.5829189515,0.0013713829999999999,0.0413590295
C_198,018 CARPENTER,9,N/A,16,Teleki 5C,Chardonnay,2018-07-18,2018,5,Livingston,104.35,5.19355817,0.0011846055,0.0359811005
C_199,RIP 772,14,N/A,11,Teleki 5C,Cabernet Sauvignon,2018-07-19,2018,5,Ripperdan,96.05,18.562620895000002,0.0063654825,0.249928883
C_200,RIP 772,14,N/A,12,Teleki 5C,Cabernet Sauvignon,2018-07-19,2018,5,Ripperdan,92.15,21.386382005,0.008890222,0.3810825485
C_201,RIP 772,14,N/A,13,Teleki 5C,Cabernet Sauvignon,2018-07-19,2018,5,Ripperdan,93.05,22.35855813,0.009506055999999999,0.4045950565
C_202,RIP 760,7,N/A,11,1103 Paulsen,Chardonnay,2018-07-19,2018,5,Ripperdan,92.5,28.310156195,0.013942762000000001,0.6619005135
C_203,RIP 760,7,N/A,12,1103 Paulsen,Chardonnay,2018-07-19,2018,5,Ripperdan,90.45,26.000649414999998,0.013209706,0.6117662175
C_204,RIP 760,7,N/A,13,1103 Paulsen,Chardonnay,2018-07-19,2018,5,Ripperdan,98.8,17.465143044999998,0.0078122355000000004,0.32896636999999995
C_205,RIP 775,7,N/A,11,Freedom,Cabernet Sauvignon,2018-07-19,2018,5,Ripperdan,96.85,22.78146385,0.0096137915,0.3969431715
C_206,RIP 775,7,N/A,12,Freedom,Cabernet Sauvignon,2018-07-19,2018,5,Ripperdan,92.15,20.774231405000002,0.0079308085,0.3154204475
C_207,RIP 775,7,N/A,13,Freedom,Cabernet Sauvignon,2018-07-19,2018,5,Ripperdan,92.1,18.956123650000002,0.005996714,0.230657655
C_208,RIP 730,13,N/A,11,Freedom,Chardonnay,2018-07-19,2018,5,Ripperdan,93.85,20.53222638,0.012279703,0.5290340645
C_209,RIP 730,13,N/A,12,Freedom,Chardonnay,2018-07-19,2018,5,Ripperdan,95.95,19.252327765,0.007979324,0.33252498799999997
C_210,RIP 730,13,N/A,13,Freedom,Chardonnay,2018-07-19,2018,5,Ripperdan,94.3,22.64400089,0.0119779425,0.5319827555
C_211,Liberty,20,2,3,Teleki 5C,Cabernet Sauvignon,2018-07-24,2018,6,Liberty,95.55,6.408741184,0.0013830595,0.046868672
C_212,Liberty,20,2,4,Teleki 5C,Cabernet Sauvignon,2018-07-24,2018,6,Liberty,102.7,7.888510289,0.0018334010000000001,0.063308213
C_213,Liberty,20,2,5,Teleki 5C,Cabernet Sauvignon,2018-07-24,2018,6,Liberty,106.5,7.431080830499999,0.001736937,0.059520420000000004
C_214,Liberty,21,2,3,1103 Paulsen,Cabernet Sauvignon,2018-07-24,2018,6,Liberty,95.25,12.77690037,0.0033576195,0.1346944655
C_215,Liberty,21,2,4,1103 Paulsen,Cabernet Sauvignon,2018-07-24,2018,6,Liberty,94.85,15.369019094999999,0.004104785,0.163680422
C_216,Liberty,21,2,5,1103 Paulsen,Cabernet Sauvignon,2018-07-24,2018,6,Liberty,92.4,12.446676515,0.003262944,0.1259448685
C_217,Liberty,26,3,3,Freedom,Cabernet Sauvignon,2018-07-24,2018,6,Liberty,99.55,4.6112437889999995,5.96199e-4,0.022314511500000002
C_218,Liberty,26,3,4,Freedom,Cabernet Sauvignon,2018-07-24,2018,6,Liberty,91.2,18.41678305,0.006396263500000001,0.263519347
C_219,Liberty,26,3,6,Freedom,Cabernet Sauvignon,2018-07-24,2018,6,Liberty,91.65,16.427277104999998,0.0044135170000000005,0.18295669050000002
C_220,Liberty,5,2,4,1103 Paulsen,Chardonnay,2018-07-24,2018,6,Liberty,91,12.004790934999999,0.0033922385,0.1356438725
C_221,Liberty,5,2,6,1103 Paulsen,Chardonnay,2018-07-24,2018,6,Liberty,93.85,14.91591784,0.0038171840000000004,0.153556755
C_222,Liberty,5,2,8,1103 Paulsen,Chardonnay,2018-07-24,2018,6,Liberty,94.4,15.15130521,0.0035999415,0.1411832345
C_223,Liberty,6,2,4,Teleki 5C,Chardonnay,2018-07-24,2018,6,Liberty,92.3,13.005673855,0.003864048,0.15523859950000002
C_224,Liberty,6,2,5,Teleki 5C,Chardonnay,2018-07-24,2018,6,Liberty,93.9,10.6823988805,0.00282942,0.1119120925
C_225,Liberty,6,2,6,Teleki 5C,Chardonnay,2018-07-24,2018,6,Liberty,91.8,12.019529760000001,0.0029794994999999998,0.1179188975
C_226,Liberty,12,3,3,Freedom,Chardonnay,2018-07-24,2018,6,Liberty,94.15,12.723853635000001,0.003354294,0.13138054600000001
C_227,Liberty,12,3,4,Freedom,Chardonnay,2018-07-24,2018,6,Liberty,91.05,7.873199887,0.0019506204999999999,0.07236446199999999
C_228,Liberty,12,3,6,Freedom,Chardonnay,2018-07-24,2018,6,Liberty,95.3,15.930048430000001,0.004839495,0.1941851
C_229,005 SEC D,7,N/A,7,Freedom,Cabernet Sauvignon,2018-07-25,2018,6,Livingston,96.75,11.200920835,0.003467947,0.1194314185
C_230,005 SEC D,7,N/A,8,Freedom,Cabernet Sauvignon,2018-07-25,2018,6,Livingston,97.15,13.199648595,0.0038624845,0.132275009
C_231,005 SEC D,7,N/A,9,Freedom,Cabernet Sauvignon,2018-07-25,2018,6,Livingston,96.9,12.309082005,0.0037504269999999998,0.127826145
C_232,089 OLCESE 24,21,N/A,13,Freedom,Chardonnay,2018-07-25,2018,6,Livingston,90.9,13.00640208,0.003415767,0.1315387315
C_233,089 OLCESE 24,21,N/A,14,Freedom,Chardonnay,2018-07-25,2018,6,Livingston,90,17.63791683,0.0053443265,0.21696911549999998
C_234,089 OLCESE 24,21,N/A,15,Freedom,Chardonnay,2018-07-25,2018,6,Livingston,92.9,15.513114355,0.004275379,0.1698018645
C_235,018 CARPENTER,9,N/A,18,Teleki 5C,Chardonnay,2018-07-25,2018,6,Livingston,97.75,8.4309307485,0.002135101,0.074175237
C_236,018 CARPENTER,9,N/A,20,Teleki 5C,Chardonnay,2018-07-25,2018,6,Livingston,101.05,5.7189279420000005,0.0015747460000000001,0.0510405795
C_237,018 CARPENTER,9,N/A,22,Teleki 5C,Chardonnay,2018-07-25,2018,6,Livingston,98.6,8.370472177,0.0025931265,0.082174161
C_238,103 SEC B,26,N/A,15,1103 Paulsen,Cabernet Sauvignon,2018-07-25,2018,6,Livingston,102.5,12.04730987,0.0035238830000000002,0.111142361
C_239,103 SEC B,26,N/A,16,1103 Paulsen,Cabernet Sauvignon,2018-07-25,2018,6,Livingston,102.65,6.8520284595,0.0020286605,0.057270417000000004
C_240,103 SEC B,26,N/A,17,1103 Paulsen,Cabernet Sauvignon,2018-07-25,2018,6,Livingston,101.35,7.4370928625,0.0021226385,0.0612680305
C_241,RIP 760,7,N/A,14,1103 Paulsen,Chardonnay,2018-07-26,2018,6,Ripperdan,87.45,19.65757665,0.0091114695,0.4101756815
C_242,RIP 760,7,N/A,15,1103 Paulsen,Chardonnay,2018-07-26,2018,6,Ripperdan,85.2,20.398390980000002,0.0086860325,0.3854511015
C_243,RIP 760,7,N/A,16,1103 Paulsen,Chardonnay,2018-07-26,2018,6,Ripperdan,85.3,20.94706948,0.009404855,0.41629169850000003
C_244,RIP 775,7,N/A,14,Freedom,Cabernet Sauvignon,2018-07-26,2018,6,Ripperdan,87.55,19.680291015,0.0058794715000000004,0.239915146
C_245,RIP 775,7,N/A,15,Freedom,Cabernet Sauvignon,2018-07-26,2018,6,Ripperdan,87.65,20.849298060000002,0.007058076999999999,0.3031869565
C_246,RIP 775,7,N/A,16,Freedom,Cabernet Sauvignon,2018-07-26,2018,6,Ripperdan,89.7,17.588606825,0.0053199400000000004,0.212593791
C_247,RIP 730,13,N/A,11,Freedom,Chardonnay,2018-07-26,2018,6,Ripperdan,85.85,15.846027135,0.0055412385,0.2258027735
C_248,RIP 730,13,N/A,12,Freedom,Chardonnay,2018-07-26,2018,6,Ripperdan,89.95,18.245186835,0.0068368275,0.28582833350000003
C_249,RIP 730,13,N/A,13,Freedom,Chardonnay,2018-07-26,2018,6,Ripperdan,86.3,20.078660874999997,0.007923368,0.3422190165
C_250,RIP 772,14,N/A,14,Teleki 5C,Cabernet Sauvignon,2018-07-26,2018,6,Ripperdan,89.75,21.049121200000002,0.008126749999999999,0.346787435
C_251,RIP 772,14,N/A,15,Teleki 5C,Cabernet Sauvignon,2018-07-26,2018,6,Ripperdan,90.6,17.37567363,0.0054327344999999996,0.2184389805
C_252,RIP 772,14,N/A,16,Teleki 5C,Cabernet Sauvignon,2018-07-26,2018,6,Ripperdan,90.8,14.013532185,0.0038569945,0.1472012415
C_253,Liberty,9,3,3,Teleki 5C,Chardonnay,2018-07-31,2018,7,Liberty,88.25,8.3631130915,0.0016502374999999999,0.06300974449999999
C_254,Liberty,9,3,4,Teleki 5C,Chardonnay,2018-07-31,2018,7,Liberty,88.1,8.124908542,0.001560886,0.0605996345
C_255,Liberty,9,3,5,Teleki 5C,Chardonnay,2018-07-31,2018,7,Liberty,85.30000000000001,9.020630774,0.0018392305,0.071528652
C_256,Liberty,10,4,3,1103 Paulsen,Chardonnay,2018-07-31,2018,7,Liberty,87.4,13.924248955,0.0032121479999999997,0.1247918235
C_257,Liberty,10,4,4,1103 Paulsen,Chardonnay,2018-07-31,2018,7,Liberty,91.05,10.67025925,0.0020057335,0.0783321335
C_258,Liberty,10,4,5,1103 Paulsen,Chardonnay,2018-07-31,2018,7,Liberty,89,11.656950825,0.0027143245000000003,0.108643233
C_259,Liberty,13,4,3,Freedom,Chardonnay,2018-07-31,2018,7,Liberty,89.65,9.309128261,0.0023867645,0.094641169
C_260,Liberty,13,4,4,Freedom,Chardonnay,2018-07-31,2018,7,Liberty,92.75,8.3371500945,0.0015403625,0.0588196425
C_261,Liberty,13,4,6,Freedom,Chardonnay,2018-07-31,2018,7,Liberty,94.85,6.3898653425,0.001033848,0.0398910385
C_262,Liberty,22,3,4,Teleki 5C,Cabernet Sauvignon,2018-07-31,2018,7,Liberty,99.4,5.116304995,0.0013553725,0.051945920000000007
C_263,Liberty,22,3,5,Teleki 5C,Cabernet Sauvignon,2018-07-31,2018,7,Liberty,102.6,5.035661353,7.244505e-4,0.026396307
C_264,Liberty,22,3,6,Teleki 5C,Cabernet Sauvignon,2018-07-31,2018,7,Liberty,93.55,8.701993823999999,0.0016363885,0.06070162949999999
C_265,Liberty,23,3,3,1103 Paulsen,Cabernet Sauvignon,2018-07-31,2018,7,Liberty,99.95,6.438202595,0.001152376,0.043273437
C_266,Liberty,23,3,5,1103 Paulsen,Cabernet Sauvignon,2018-07-31,2018,7,Liberty,97.2,5.6317944125,7.74903e-4,0.0284458415
C_267,Liberty,23,3,6,1103 Paulsen,Cabernet Sauvignon,2018-07-31,2018,7,Liberty,96.3,7.557727850499999,0.001482852,0.0564524835
C_268,Liberty,26,3,3,Freedom,Cabernet Sauvignon,2018-07-31,2018,7,Liberty,100.35,7.078364297,0.0011428445,0.0435674535
C_269,Liberty,26,3,4,Freedom,Cabernet Sauvignon,2018-07-31,2018,7,Liberty,93.85,10.2971807715,0.002152055,0.083919551
C_270,Liberty,26,3,6,Freedom,Cabernet Sauvignon,2018-07-31,2018,7,Liberty,90.45,15.004076730000001,0.0038374935,0.148751741
C_271,089 OLCESE 24,21,N/A,16,Freedom,Chardonnay,2018-08-01,2018,7,Livingston,88.44999999999999,20.196284325,0.0087310075,0.38410190850000003
C_272,089 OLCESE 24,21,N/A,17,Freedom,Chardonnay,2018-08-01,2018,7,Livingston,90.7,21.179590715,0.008916781499999998,0.380427871
C_273,089 OLCESE 24,21,N/A,18,Freedom,Chardonnay,2018-08-01,2018,7,Livingston,86.6,23.620904605,0.010511378,0.4684059035
C_274,018 CARPENTER,10,N/A,12,Teleki 5C,Chardonnay,2018-08-01,2018,7,Livingston,97.95,11.512404973999999,0.0026077865,0.100328718
C_275,018 CARPENTER,10,N/A,14,Teleki 5C,Chardonnay,2018-08-01,2018,7,Livingston,93.4,8.8209724435,0.001764061,0.0675459215
C_276,018 CARPENTER,10,N/A,16,Teleki 5C,Chardonnay,2018-08-01,2018,7,Livingston,94.4,8.7413029945,0.0018614485,0.071049129
C_277,103 SEC B,26,N/A,18,1103 Paulsen,Cabernet Sauvignon,2018-08-01,2018,7,Livingston,97.3,9.377464138,0.0023377335,0.0734027845
C_278,103 SEC B,26,N/A,19,1103 Paulsen,Cabernet Sauvignon,2018-08-01,2018,7,Livingston,95.45,8.382143206,0.001585041,0.0562598605
C_279,103 SEC B,26,N/A,20,1103 Paulsen,Cabernet Sauvignon,2018-08-01,2018,7,Livingston,100.75,7.4347226455,0.0016396235,0.058647734
C_280,005 SEC D,6,N/A,14,Freedom,Cabernet Sauvignon,2018-08-01,2018,7,Livingston,96.8,13.89343319,0.0041398225,0.14650127149999997
C_281,005 SEC D,6,N/A,15,Freedom,Cabernet Sauvignon,2018-08-01,2018,7,Livingston,93.7,12.11703632,0.0035240685,0.126822229
C_282,005 SEC D,6,N/A,16,Freedom,Cabernet Sauvignon,2018-08-01,2018,7,Livingston,100.35,12.78635607,0.004001282,0.1437809845
C_283,RIP 775,5,N/A,11,Freedom,Cabernet Sauvignon,2018-08-02,2018,7,Ripperdan,91.65,18.08778939,0.0056564645,0.2278998835
C_284,RIP 775,5,N/A,12,Freedom,Cabernet Sauvignon,2018-08-02,2018,7,Ripperdan,91.5,17.89742423,0.0051477475,0.207745112
C_285,RIP 775,5,N/A,13,Freedom,Cabernet Sauvignon,2018-08-02,2018,7,Ripperdan,89.7,16.774380395,0.0056228675,0.2313640085
C_286,RIP 730,14,N/A,11,Freedom,Chardonnay,2018-08-02,2018,7,Ripperdan,88.25,16.105954475,0.0071179355,0.3080411795
C_287,RIP 730,14,N/A,12,Freedom,Chardonnay,2018-08-02,2018,7,Ripperdan,90.75,18.042544874999997,0.00574112,0.242783318
C_288,RIP 730,14,N/A,13,Freedom,Chardonnay,2018-08-02,2018,7,Ripperdan,88.05,17.15241306,0.005619271,0.233098998
C_289,RIP 772,15,N/A,11,Teleki 5C,Cabernet Sauvignon,2018-08-02,2018,7,Ripperdan,95.7,14.172343365,0.0034235215000000003,0.1314782685
C_290,RIP 772,15,N/A,12,Teleki 5C,Cabernet Sauvignon,2018-08-02,2018,7,Ripperdan,91.65,13.095411365,0.003660442,0.1405436425
C_291,RIP 772,15,N/A,10,Teleki 5C,Cabernet Sauvignon,2018-08-02,2018,7,Ripperdan,90.9,15.0871596,0.004909053,0.196511153
C_292,RIP 760,8,N/A,11,1103 Paulsen,Chardonnay,2018-08-02,2018,7,Ripperdan,89.35,16.300662305,0.005798973,0.23399488149999997
C_293,RIP 760,8,N/A,12,1103 Paulsen,Chardonnay,2018-08-02,2018,7,Ripperdan,90.65,16.40545518,0.005957351499999999,0.2480564565
C_294,RIP 760,8,N/A,13,1103 Paulsen,Chardonnay,2018-08-02,2018,7,Ripperdan,93.1,16.37179897,0.0054877035,0.2184923065
C_295,Liberty,22,3,4,Teleki 5C,Cabernet Sauvignon,2018-08-06,2018,8,Liberty,87,11.881590450000001,0.0033752319999999997,0.1113637405
C_296,Liberty,22,3,5,Teleki 5C,Cabernet Sauvignon,2018-08-06,2018,8,Liberty,88.69999999999999,12.291724890000001,0.0036886945,0.1266315405
C_297,Liberty,22,3,6,Teleki 5C,Cabernet Sauvignon,2018-08-06,2018,8,Liberty,88.65,13.57666236,0.004387888,0.159812643
C_298,Liberty,23,3,3,1103 Paulsen,Cabernet Sauvignon,2018-08-06,2018,8,Liberty,91.85,8.496410413,0.0019297189999999999,0.0659799715
C_299,Liberty,23,3,5,1103 Paulsen,Cabernet Sauvignon,2018-08-06,2018,8,Liberty,93.1,5.2840871015,0.001244853,0.041828924
C_300,Liberty,23,3,6,1103 Paulsen,Cabernet Sauvignon,2018-08-06,2018,8,Liberty,92.75,10.407235424,0.0023319095,0.0839407335
C_301,Liberty,26,4,2,Freedom,Cabernet Sauvignon,2018-08-06,2018,8,Liberty,92.5,7.1491656795,0.0014886135000000001,0.055034333000000005
C_302,Liberty,26,4,5,Freedom,Cabernet Sauvignon,2018-08-06,2018,8,Liberty,93.1,10.4669173325,0.002308759,0.088306285
C_303,Liberty,26,4,6,Freedom,Cabernet Sauvignon,2018-08-06,2018,8,Liberty,98.1,5.554263139,0.0012015665,0.04175846
C_304,Liberty,9,3,3,Teleki 5C,Chardonnay,2018-08-06,2018,8,Liberty,100.9,8.8410305305,0.0023923685,0.0721187315
C_305,Liberty,9,3,4,Teleki 5C,Chardonnay,2018-08-06,2018,8,Liberty,99.5,6.1380941325,0.0014283479999999999,0.0463411175
C_306,Liberty,9,3,5,Teleki 5C,Chardonnay,2018-08-06,2018,8,Liberty,98.45,6.3447497760000005,0.00153213,0.052329429999999996
C_307,Liberty,10,4,3,1103 Paulsen,Chardonnay,2018-08-06,2018,8,Liberty,103.05,5.5498647105,0.002308843,0.081765593
C_308,Liberty,10,4,4,1103 Paulsen,Chardonnay,2018-08-06,2018,8,Liberty,98.55,6.4592916735,0.001718719,0.0561104765
C_309,Liberty,10,4,5,1103 Paulsen,Chardonnay,2018-08-06,2018,8,Liberty,102.65,3.515339343,0.0010552119999999998,0.030522390999999996
C_310,Liberty,13,4,3,Freedom,Chardonnay,2018-08-06,2018,8,Liberty,102.75,7.011730322,0.0023474710000000003,0.07157472649999999
C_311,Liberty,13,4,4,Freedom,Chardonnay,2018-08-06,2018,8,Liberty,105.55,4.556151936,0.0014568435,0.044169639999999996
C_312,Liberty,13,4,6,Freedom,Chardonnay,2018-08-06,2018,8,Liberty,102.3,4.6784275,0.0014425165,0.041575044000000005
C_313,018 CARPENTER,10,N/A,18,Teleki 5C,Chardonnay,2018-08-08,2018,8,Livingston,91.05,11.480663865,0.0028999660000000003,0.1148922
C_314,018 CARPENTER,10,N/A,20,Teleki 5C,Chardonnay,2018-08-08,2018,8,Livingston,90.2,11.2060730185,0.0026205575,0.104021817
C_315,018 CARPENTER,10,N/A,24,Teleki 5C,Chardonnay,2018-08-08,2018,8,Livingston,90.4,8.1525048255,0.0017952215,0.069179475
C_316,103 SEC B,26,N/A,21,1103 Paulsen,Cabernet Sauvignon,2018-08-08,2018,8,Livingston,91.7,10.2302954715,0.002253673,0.086236026
C_317,103 SEC B,26,N/A,22,1103 Paulsen,Cabernet Sauvignon,2018-08-08,2018,8,Livingston,94.6,10.638337596,0.0022869695,0.0849062445
C_318,103 SEC B,26,N/A,23,1103 Paulsen,Cabernet Sauvignon,2018-08-08,2018,8,Livingston,91.15,14.60484622,0.003782965,0.1480397675
C_319,005 SEC D,6,N/A,27,Freedom,Cabernet Sauvignon,2018-08-08,2018,8,Livingston,93.65,15.53418276,0.004612335,0.188577842
C_320,005 SEC D,6,N/A,28,Freedom,Cabernet Sauvignon,2018-08-08,2018,8,Livingston,91.5,14.75213875,0.0040633465,0.159444219
C_321,005 SEC D,6,N/A,39,Freedom,Cabernet Sauvignon,2018-08-08,2018,8,Livingston,94.6,13.146115115,0.0041825075,0.153083371
C_322,089 OLCESE 24,21,N/A,19,Freedom,Chardonnay,2018-08-08,2018,8,Livingston,91.4,18.84960976,0.008354908500000001,0.3672409615
C_323,089 OLCESE 24,21,N/A,20,Freedom,Chardonnay,2018-08-08,2018,8,Livingston,87.55000000000001,22.786651605,0.011438646,0.5193083195
C_324,089 OLCESE 24,21,N/A,21,Freedom,Chardonnay,2018-08-08,2018,8,Livingston,90.35,17.265183004999997,0.0062298744999999996,0.273068078
C_325,RIP 730,14,N/A,14,Freedom,Chardonnay,2018-08-09,2018,8,Ripperdan,77.30000000000001,18.284183050000003,0.005616435,0.2350979175
C_326,RIP 730,14,N/A,15,Freedom,Chardonnay,2018-08-09,2018,8,Ripperdan,81.8,19.02198054,0.007470074,0.33011006249999997
C_327,RIP 730,14,N/A,16,Freedom,Chardonnay,2018-08-09,2018,8,Ripperdan,84.45,17.30671542,0.005698588500000001,0.242460464
C_328,RIP 772,15,N/A,14,Teleki 5C,Cabernet Sauvignon,2018-08-09,2018,8,Ripperdan,85.1,17.57404357,0.0052295325,0.2201452035
C_329,RIP 772,15,N/A,15,Teleki 5C,Cabernet Sauvignon,2018-08-09,2018,8,Ripperdan,87,14.381364125000001,0.003869794,0.156350135
C_330,RIP 772,15,N/A,16,Teleki 5C,Cabernet Sauvignon,2018-08-09,2018,8,Ripperdan,87.2,17.74341571,0.0049679435000000004,0.20121024799999998
C_331,RIP 760,8,N/A,14,1103 Paulsen,Chardonnay,2018-08-09,2018,8,Ripperdan,87.4,12.47566292,0.0034065735,0.14142315700000002
C_332,RIP 760,8,N/A,15,1103 Paulsen,Chardonnay,2018-08-09,2018,8,Ripperdan,86.35,9.503857231000001,0.003157477,0.1295784485
C_333,RIP 760,8,N/A,16,1103 Paulsen,Chardonnay,2018-08-09,2018,8,Ripperdan,88.3,15.332407499999999,0.0051396565,0.2235152365
C_334,RIP 775,8,N/A,11,Freedom,Cabernet Sauvignon,2018-08-09,2018,8,Ripperdan,86.05000000000001,16.54738172,0.005571276,0.226872414
C_335,RIP 775,8,N/A,12,Freedom,Cabernet Sauvignon,2018-08-09,2018,8,Ripperdan,86.05,17.18742537,0.0053877325,0.21514088850000002
C_336,RIP 775,8,N/A,13,Freedom,Cabernet Sauvignon,2018-08-09,2018,8,Ripperdan,93.8,7.430103923500001,0.0017856425000000002,0.069122304
C_337,Liberty,20,2,3,Teleki 5C,Cabernet Sauvignon,2019-06-17,2019,1,Liberty,83.4,19.78345866,0.005926093,0.2390428525
C_338,Liberty,20,2,4,Teleki 5C,Cabernet Sauvignon,2019-06-17,2019,1,Liberty,79.75,20.780715569999998,0.006862505499999999,0.2872595615
C_339,Liberty,20,2,5,Teleki 5C,Cabernet Sauvignon,2019-06-17,2019,1,Liberty,87.75,18.22678669,0.0054321025,0.220719472
C_340,Liberty,21,2,3,1103 Paulsen,Cabernet Sauvignon,2019-06-17,2019,1,Liberty,85.45,26.43684138,0.0091868645,0.3996826035
C_341,Liberty,21,2,4,1103 Paulsen,Cabernet Sauvignon,2019-06-17,2019,1,Liberty,82.9,25.36090652,0.009995502,0.441574131
C_342,Liberty,21,2,5,1103 Paulsen,Cabernet Sauvignon,2019-06-17,2019,1,Liberty,85.45,25.135595985000002,0.009599967000000001,0.413040034
C_343,Liberty,26,3,3,Freedom,Cabernet Sauvignon,2019-06-17,2019,1,Liberty,85.05000000000001,18.71261165,0.006456936999999999,0.26615206700000005
C_344,Liberty,26,3,4,Freedom,Cabernet Sauvignon,2019-06-17,2019,1,Liberty,87.75,21.480294835000002,0.0067864755,0.2792936215
C_345,Liberty,26,3,6,Freedom,Cabernet Sauvignon,2019-06-17,2019,1,Liberty,88.8,18.384329700000002,0.0049834755,0.19879257649999998
C_346,Liberty,5,2,4,1103 Paulsen,Chardonnay,2019-06-17,2019,1,Liberty,85.5,23.37296945,0.009354177,0.4265377425
C_347,Liberty,5,2,6,1103 Paulsen,Chardonnay,2019-06-17,2019,1,Liberty,86.25,22.40317607,0.009974463,0.4749490585
C_348,Liberty,5,2,7,1103 Paulsen,Chardonnay,2019-06-17,2019,1,Liberty,85.05,14.340208305,0.004380903,0.18480533450000003
C_349,Liberty,6,2,3,Teleki 5C,Chardonnay,2019-06-17,2019,1,Liberty,83.85,17.1897018,0.006910299999999999,0.29296948300000003
C_350,Liberty,6,2,4,Teleki 5C,Chardonnay,2019-06-17,2019,1,Liberty,88.25,20.094911234999998,0.0064647969999999996,0.26736929649999996
C_351,Liberty,6,2,5,Teleki 5C,Chardonnay,2019-06-17,2019,1,Liberty,89.1,17.1177758,0.0049635695,0.198904472
C_352,Liberty,12,3,3,Freedom,Chardonnay,2019-06-17,2019,1,Liberty,91.4,21.104750785,0.0098813645,0.431664645
C_353,Liberty,12,3,4,Freedom,Chardonnay,2019-06-17,2019,1,Liberty,94.05,16.484808205,0.005056637,0.20113764299999998
C_354,Liberty,12,3,6,Freedom,Chardonnay,2019-06-17,2019,1,Liberty,90.5,17.175310165,0.005913870999999999,0.240878951
C_355,005 SEC D,10,N/A,26,Freedom,Cabernet Sauvignon,2019-06-20,2019,1,Livingston,79.44999999999999,20.40488646,0.007971517,0.358329682
C_356,005 SEC D,10,N/A,24,Freedom,Cabernet Sauvignon,2019-06-20,2019,1,Livingston,81.30000000000001,21.249159675,0.0058679365,0.245951512
C_357,005 SEC D,10,N/A,25,Freedom,Cabernet Sauvignon,2019-06-20,2019,1,Livingston,87.2,20.632094074999998,0.0064843290000000005,0.27309296
C_358,089 OLCESE 24,20,N/A,13,Freedom,Chardonnay,2019-06-20,2019,1,Livingston,84.85,15.849697005000001,0.006208486,0.258971373
C_359,089 OLCESE 24,20,N/A,14,Freedom,Chardonnay,2019-06-20,2019,1,Livingston,84.35,11.259560005,0.004153268999999999,0.164363974
C_360,089 OLCESE 24,20,N/A,15,Freedom,Chardonnay,2019-06-20,2019,1,Livingston,94.15,13.70283605,0.0047426,0.1927882665
C_361,018 CARPENTER,7,N/A,18,Teleki 5C,Chardonnay,2019-06-20,2019,1,Livingston,82.05,19.360190735,0.0075258705,0.321284841
C_362,018 CARPENTER,7,N/A,20,Teleki 5C,Chardonnay,2019-06-20,2019,1,Livingston,84.1,17.479092604999998,0.00740499,0.325226039
C_363,018 CARPENTER,7,N/A,22,Teleki 5C,Chardonnay,2019-06-20,2019,1,Livingston,84.2,19.49242826,0.007544365000000001,0.323483112
C_364,103 SEC B CAB.,25,N/A,15,1103 Paulsen,Cabernet Sauvignon,2019-06-20,2019,1,Livingston,88.8,22.764652765,0.005205497999999999,0.205976881
C_365,103 SEC B CAB.,25,N/A,16,1103 Paulsen,Cabernet Sauvignon,2019-06-20,2019,1,Livingston,87.75,25.395116610000002,0.005450932,0.216274244
C_366,103 SEC B CAB.,25,N/A,17,1103 Paulsen,Cabernet Sauvignon,2019-06-20,2019,1,Livingston,93.5,24.141101239999998,0.005510487499999999,0.2181892425
C_367,RIP 760,5,N/A,14,1103 Paulsen,Chardonnay,2019-06-18,2019,1,Ripperdan,88.8,23.153486225,0.0093589855,0.42401049550000003
C_368,RIP 760,5,N/A,15,1103 Paulsen,Chardonnay,2019-06-18,2019,1,Ripperdan,85.1,18.731865575,0.006926234,0.302857025
C_369,RIP 760,5,N/A,16,1103 Paulsen,Chardonnay,2019-06-18,2019,1,Ripperdan,84.75,24.665131085,0.010972118999999999,0.502130129
C_370,RIP 775,4,N/A,14,Freedom,Cabernet Sauvignon,2019-06-18,2019,1,Ripperdan,88.3,23.40203515,0.00863714,0.377839741
C_371,RIP 775,4,N/A,15,Freedom,Cabernet Sauvignon,2019-06-18,2019,1,Ripperdan,89.6,21.77278065,0.0082617135,0.3574165755
C_372,RIP 775,4,N/A,16,Freedom,Cabernet Sauvignon,2019-06-18,2019,1,Ripperdan,88.8,23.334617815,0.009604042,0.422190654
C_373,RIP 730,11,N/A,14,Freedom,Chardonnay,2019-06-18,2019,1,Ripperdan,97.25,22.920007945000002,0.010148467,0.4418941705
C_374,RIP 730,11,N/A,15,Freedom,Chardonnay,2019-06-18,2019,1,Ripperdan,88.5,18.40267843,0.008280022,0.3843918335
C_375,RIP 730,11,N/A,16,Freedom,Chardonnay,2019-06-18,2019,1,Ripperdan,80.4,19.68649065,0.00923485,0.4048675295
C_376,RIP 772,12,N/A,14,Teleki 5C,Cabernet Sauvignon,2019-06-18,2019,1,Ripperdan,98.6,10.8003634415,0.0026490635,0.0919527335
C_377,RIP 772,12,N/A,15,Teleki 5C,Cabernet Sauvignon,2019-06-18,2019,1,Ripperdan,99.55,16.848614685,0.0055352775,0.2182151485
C_378,RIP 772,12,N/A,16,Teleki 5C,Cabernet Sauvignon,2019-06-18,2019,1,Ripperdan,98.75,18.122198005,0.005087845,0.19983205850000002
C_379,Liberty,9,3,3,Teleki 5C,Chardonnay,2019-06-25,2019,2,Liberty,83.6,19.574746265,0.0079055215,0.3702656435
C_380,Liberty,9,3,4,Teleki 5C,Chardonnay,2019-06-25,2019,2,Liberty,80,19.995992944999998,0.006644267000000001,0.278833185
C_381,Liberty,9,3,5,Teleki 5C,Chardonnay,2019-06-25,2019,2,Liberty,81.35,21.34859718,0.0080674905,0.3645449965
C_382,Liberty,10,4,3,1103 Paulsen,Chardonnay,2019-06-25,2019,2,Liberty,80.65,25.45947416,0.0105730115,0.4986381555
C_383,Liberty,10,4,4,1103 Paulsen,Chardonnay,2019-06-25,2019,2,Liberty,83.85,24.693788689999998,0.010831303,0.49228629150000003
C_384,Liberty,10,4,5,1103 Paulsen,Chardonnay,2019-06-25,2019,2,Liberty,83.94999999999999,26.966175005,0.011426163,0.5505015365
C_385,Liberty,13,4,3,Freedom,Chardonnay,2019-06-25,2019,2,Liberty,84.05,18.80491099,0.006379062,0.268759167
C_386,Liberty,13,4,4,Freedom,Chardonnay,2019-06-25,2019,2,Liberty,84.9,25.39013426,0.0109722365,0.5127187675
C_387,Liberty,13,4,6,Freedom,Chardonnay,2019-06-25,2019,2,Liberty,84.35,21.314311070000002,0.0064348075000000005,0.2713785595
C_388,Liberty,22,3,4,Teleki 5C,Cabernet Sauvignon,2019-06-25,2019,2,Liberty,84.5,20.691931025,0.0058214525,0.2328683835
C_389,Liberty,22,3,5,Teleki 5C,Cabernet Sauvignon,2019-06-25,2019,2,Liberty,85.3,20.953054995000002,0.0066835855,0.271523278
C_390,Liberty,22,3,6,Teleki 5C,Cabernet Sauvignon,2019-06-25,2019,2,Liberty,84.35,19.514770625,0.0056708445,0.223340429
C_391,Liberty,23,3,3,1103 Paulsen,Cabernet Sauvignon,2019-06-25,2019,2,Liberty,85.7,23.295419265,0.0088839465,0.3797756995
C_392,Liberty,23,3,5,1103 Paulsen,Cabernet Sauvignon,2019-06-25,2019,2,Liberty,82.75,19.547624794999997,0.0069469015,0.3025240335
C_393,Liberty,23,3,6,1103 Paulsen,Cabernet Sauvignon,2019-06-25,2019,2,Liberty,88.45,19.479845795,0.0055024795,0.222381156
C_394,Liberty,26,4,2,Freedom,Cabernet Sauvignon,2019-06-25,2019,2,Liberty,93.95,12.20870369,0.002477053,0.0948833215
C_395,Liberty,26,4,5,Freedom,Cabernet Sauvignon,2019-06-25,2019,2,Liberty,92.9,15.158358783,0.004077118,0.165158901
C_396,Liberty,26,4,6,Freedom,Cabernet Sauvignon,2019-06-25,2019,2,Liberty,91.2,10.8545656,0.002380736,0.0889831855
C_397,089 OLCESE 24,20,N/A,16,Freedom,Chardonnay,2019-06-26,2019,2,Livingston,81.65,15.131426789999999,0.0063661215,0.268656374
C_398,089 OLCESE 24,20,N/A,17,Freedom,Chardonnay,2019-06-26,2019,2,Livingston,82.75,11.34655074,0.004627035,0.1915261355
C_399,089 OLCESE 24,20,N/A,18,Freedom,Chardonnay,2019-06-26,2019,2,Livingston,81.80000000000001,10.71773953,0.004590481,0.1818126245
C_400,018 CARPENTER,8,N/A,12,Teleki 5C,Chardonnay,2019-06-26,2019,2,Livingston,83.15,10.893886165,0.0030761255,0.1246036885
C_401,018 CARPENTER,8,N/A,14,Teleki 5C,Chardonnay,2019-06-26,2019,2,Livingston,82,15.40873248,0.004703197,0.196549537
C_402,018 CARPENTER,8,N/A,16,Teleki 5C,Chardonnay,2019-06-26,2019,2,Livingston,81.75,12.806102285,0.003928389,0.161238548
C_403,103 SEC B,25,N/A,22,1103 Paulsen,Cabernet Sauvignon,2019-06-26,2019,2,Livingston,81.5,17.069130675,0.004344341,0.1811789265
C_404,103 SEC B,25,N/A,23,1103 Paulsen,Cabernet Sauvignon,2019-06-26,2019,2,Livingston,78.05000000000001,14.949829915,0.0039729845,0.163299156
C_405,103 SEC B,25,N/A,24,1103 Paulsen,Cabernet Sauvignon,2019-06-26,2019,2,Livingston,80.15,20.28022198,0.005758050000000001,0.24444444449999997
C_406,005 SEC D,9,N/A,11,Freedom,Cabernet Sauvignon,2019-06-26,2019,2,Livingston,84.4,13.12272766,0.004403208,0.1802050065
C_407,005 SEC D,9,N/A,12,Freedom,Cabernet Sauvignon,2019-06-26,2019,2,Livingston,83.6,11.58298754,0.004408478,0.1795951225
C_408,005 SEC D,9,N/A,13,Freedom,Cabernet Sauvignon,2019-06-26,2019,2,Livingston,81.6,13.090938235,0.0047935865000000005,0.196207792
C_409,RIP 775,6,N/A,11,Freedom,Cabernet Sauvignon,2019-06-27,2019,2,Ripperdan,79.9,20.564096919999997,0.0053996845,0.221705757
C_410,RIP 775,6,N/A,12,Freedom,Cabernet Sauvignon,2019-06-27,2019,2,Ripperdan,78.65,20.99025813,0.0061758455,0.263647249
C_411,RIP 775,6,N/A,13,Freedom,Cabernet Sauvignon,2019-06-27,2019,2,Ripperdan,78.9,19.038398190000002,0.00507295,0.21631969950000002
C_412,RIP 730,12,N/A,11,Freedom,Chardonnay,2019-06-27,2019,2,Ripperdan,83.6,11.36781018,0.0033371215,0.1366882115
C_413,RIP 730,12,N/A,12,Freedom,Chardonnay,2019-06-27,2019,2,Ripperdan,84.4,15.656258385000001,0.005179980000000001,0.21283929899999998
C_414,RIP 730,12,N/A,13,Freedom,Chardonnay,2019-06-27,2019,2,Ripperdan,84.45,13.93733067,0.00482547,0.193987957
C_415,RIP 772,13,N/A,11,Teleki 5C,Cabernet Sauvignon,2019-06-27,2019,2,Ripperdan,84.85,17.25096812,0.005905518,0.2488896115
C_416,RIP 772,13,N/A,12,Teleki 5C,Cabernet Sauvignon,2019-06-27,2019,2,Ripperdan,85.6,17.25414236,0.005533827,0.243163065
C_417,RIP 772,13,N/A,13,Teleki 5C,Cabernet Sauvignon,2019-06-27,2019,2,Ripperdan,86.85,19.14759186,0.0064765175,0.275004251
C_418,RIP 760,6,N/A,11,1103 Paulsen,Chardonnay,2019-06-27,2019,2,Ripperdan,91.35,19.1725895,0.007359340000000001,0.321524213
C_419,RIP 760,6,N/A,12,1103 Paulsen,Chardonnay,2019-06-27,2019,2,Ripperdan,86.6,18.496447945,0.006944866,0.299641318
C_420,RIP 760,6,N/A,13,1103 Paulsen,Chardonnay,2019-06-27,2019,2,Ripperdan,86.5,21.44872796,0.0090433935,0.400684229
C_420_2,Liberty,20,2,3,Teleki 5C,Cabernet Sauvignon,2019-07-01,2019,3,Liberty,82.45,16.342853805,0.0039012665,0.1559367425
C_421,Liberty,20,2,4,Teleki 5C,Cabernet Sauvignon,2019-07-01,2019,3,Liberty,82.35,20.883147445,0.006320956,0.2696283115
C_422,Liberty,20,2,5,Teleki 5C,Cabernet Sauvignon,2019-07-01,2019,3,Liberty,84.9,19.573198650000002,0.0059913395,0.25611356750000003
C_423,Liberty,21,2,3,1103 Paulsen,Cabernet Sauvignon,2019-07-01,2019,3,Liberty,83.69999999999999,24.436437085,0.00824176,0.38364168249999997
C_424,Liberty,21,2,4,1103 Paulsen,Cabernet Sauvignon,2019-07-01,2019,3,Liberty,84,23.796398295,0.00782942,0.3477347895
C_425,Liberty,21,2,5,1103 Paulsen,Cabernet Sauvignon,2019-07-01,2019,3,Liberty,81.5,18.30769681,0.005513555,0.23497871450000002
C_426,Liberty,26,3,3,Freedom,Cabernet Sauvignon,2019-07-01,2019,3,Liberty,81,20.223073640000003,0.0062275415,0.265542951
C_427,Liberty,26,3,4,Freedom,Cabernet Sauvignon,2019-07-01,2019,3,Liberty,84.9,17.823223725,0.0053712795,0.22373594949999998
C_428,Liberty,26,3,6,Freedom,Cabernet Sauvignon,2019-07-01,2019,3,Liberty,81.85,18.948166865,0.006750428499999999,0.294195651
C_429,Liberty,5,2,4,1103 Paulsen,Chardonnay,2019-07-01,2019,3,Liberty,82.85,19.388553755,0.0081344655,0.370936272
C_430,Liberty,5,2,6,1103 Paulsen,Chardonnay,2019-07-01,2019,3,Liberty,80.94999999999999,21.01315416,0.008325065,0.3764322
C_431,Liberty,5,2,8,1103 Paulsen,Chardonnay,2019-07-01,2019,3,Liberty,84.44999999999999,18.942698375,0.0080163785,0.364856171
C_432,Liberty,6,2,4,Teleki 5C,Chardonnay,2019-07-01,2019,3,Liberty,81.9,18.474025805,0.00620367,0.2656310155
C_433,Liberty,6,2,5,Teleki 5C,Chardonnay,2019-07-01,2019,3,Liberty,83.35,17.575404105,0.005477079500000001,0.236297127
C_434,Liberty,6,2,6,Teleki 5C,Chardonnay,2019-07-01,2019,3,Liberty,83.8,19.124840505,0.006254319,0.2646094025
C_435,Liberty,12,3,3,Freedom,Chardonnay,2019-07-01,2019,3,Liberty,83.75,21.907988285000002,0.009560684,0.4349696155
C_436,Liberty,12,3,4,Freedom,Chardonnay,2019-07-01,2019,3,Liberty,87.4,15.087323099999999,0.005761802,0.2446774545
C_437,Liberty,12,3,6,Freedom,Chardonnay,2019-07-01,2019,3,Liberty,90.05000000000001,16.33744979,0.005938402,0.24766455
C_438,018 CARPENTER,8,N/A,18,Teleki 5C,Chardonnay,2019-07-03,2019,3,Livingston,87.15,10.63187644,0.002793894,0.1116422295
C_439,018 CARPENTER,8,N/A,20,Teleki 5C,Chardonnay,2019-07-03,2019,3,Livingston,79.65,13.876074295,0.004234153,0.17495664500000002
C_440,018 CARPENTER,8,N/A,22,Teleki 5C,Chardonnay,2019-07-03,2019,3,Livingston,79.85,11.148986959999998,0.0030756665,0.12350611449999999
C_441,103 SEC B,25,N/A,25,1103 Paulsen,Cabernet Sauvignon,2019-07-03,2019,3,Livingston,84.8,13.20395272,0.003117486,0.1230339245
C_442,103 SEC B,25,N/A,26,1103 Paulsen,Cabernet Sauvignon,2019-07-03,2019,3,Livingston,83.25,11.415112865000001,0.0027544164999999997,0.107048298
C_443,103 SEC B,25,N/A,27,1103 Paulsen,Cabernet Sauvignon,2019-07-03,2019,3,Livingston,83.15,10.323852998,0.002414743,0.09263550749999999
C_444,005 SEC D,9,N/A,20,Freedom,Cabernet Sauvignon,2019-07-03,2019,3,Livingston,85.65,10.861915075,0.002974777,0.11908035
C_445,005 SEC D,9,N/A,21,Freedom,Cabernet Sauvignon,2019-07-03,2019,3,Livingston,86.05000000000001,12.498496915,0.0042632755,0.1804301085
C_446,005 SEC D,9,N/A,22,Freedom,Cabernet Sauvignon,2019-07-03,2019,3,Livingston,84,9.365792465,0.00262534,0.1055061155
C_447,089 OLCESE 24,20,N/A,21,Freedom,Chardonnay,2019-07-03,2019,3,Livingston,NA,NA,NA,NA
C_448,089 OLCESE 24,20,N/A,19,Freedom,Chardonnay,2019-07-03,2019,3,Livingston,NA,NA,NA,NA
C_449,089 OLCESE 24,20,N/A,20,Freedom,Chardonnay,2019-07-03,2019,3,Livingston,NA,NA,NA,NA
C_450,RIP 730,12,N/A,14,Freedom,Chardonnay,2019-07-02,2019,3,Ripperdan,90.75,21.288576945,0.00810961,0.375586036
C_451,RIP 730,12,N/A,15,Freedom,Chardonnay,2019-07-02,2019,3,Ripperdan,86.9,16.741704525,0.0057939695,0.2429018595
C_452,RIP 730,12,N/A,16,Freedom,Chardonnay,2019-07-02,2019,3,Ripperdan,88.5,17.652827735,0.0068533034999999996,0.291996707
C_453,RIP 772,13,N/A,14,Teleki 5C,Cabernet Sauvignon,2019-07-02,2019,3,Ripperdan,96,20.21324602,0.006536841,0.2753348465
C_454,RIP 772,13,N/A,15,Teleki 5C,Cabernet Sauvignon,2019-07-02,2019,3,Ripperdan,95.95,15.681576495,0.0039360565,0.16036625999999998
C_455,RIP 772,13,N/A,16,Teleki 5C,Cabernet Sauvignon,2019-07-02,2019,3,Ripperdan,90.35,14.28577858,0.0038796595,0.152514901
C_456,RIP 760,6,N/A,14,1103 Paulsen,Chardonnay,2019-07-02,2019,3,Ripperdan,85.94999999999999,16.051823605,0.005863327,0.2473815735
C_457,RIP 760,6,N/A,15,1103 Paulsen,Chardonnay,2019-07-02,2019,3,Ripperdan,88.4,13.964394185,0.0044079440000000004,0.1809858605
C_458,RIP 760,6,N/A,16,1103 Paulsen,Chardonnay,2019-07-02,2019,3,Ripperdan,88.25,19.213494695,0.0075023785,0.3267366395
C_459,RIP 775,6,N/A,14,Freedom,Cabernet Sauvignon,2019-07-02,2019,3,Ripperdan,92.7,15.058805314999999,0.0043347105,0.17128677550000002
C_460,RIP 775,6,N/A,15,Freedom,Cabernet Sauvignon,2019-07-02,2019,3,Ripperdan,92.1,22.06375121,0.006557447,0.2630167415
C_461,RIP 775,6,N/A,16,Freedom,Cabernet Sauvignon,2019-07-02,2019,3,Ripperdan,93.5,20.95634441,0.006021861,0.24855714950000002
C_462,Liberty,2,1,2,Teleki 5C,Chardonnay,2019-07-09,2019,4,Liberty,81.75,16.30089682,0.0055201009999999995,0.242653429
C_463,Liberty,2,1,3,Teleki 5C,Chardonnay,2019-07-09,2019,4,Liberty,78.9,15.296898769999999,0.0053657355,0.2420990575
C_464,Liberty,2,1,5,Teleki 5C,Chardonnay,2019-07-09,2019,4,Liberty,81.5,17.159100809999998,0.0058980505,0.268544147
C_465,Liberty,4,1,3,1103 Paulsen,Chardonnay,2019-07-09,2019,4,Liberty,79.85,17.1603617,0.005295432500000001,0.2458894645
C_466,Liberty,4,1,4,1103 Paulsen,Chardonnay,2019-07-09,2019,4,Liberty,80.85,16.903291245,0.006210207000000001,0.27825140000000004
C_467,Liberty,4,1,5,1103 Paulsen,Chardonnay,2019-07-09,2019,4,Liberty,79.25,19.416816769999997,0.0065323995,0.29516173050000005
C_468,Liberty,8,2,1,Freedom,Chardonnay,2019-07-09,2019,4,Liberty,85.6,11.618649805,0.0029734505,0.126663274
C_469,Liberty,8,2,2,Freedom,Chardonnay,2019-07-09,2019,4,Liberty,84.55,16.029127799999998,0.004737516,0.2053188575
C_470,Liberty,8,2,4,Freedom,Chardonnay,2019-07-09,2019,4,Liberty,84.25,16.601862060000002,0.005722582,0.2501287875
C_471,Liberty,16,1,4,Freedom,Cabernet Sauvignon,2019-07-09,2019,4,Liberty,82.1,19.97419385,0.005777131499999999,0.248816366
C_472,Liberty,16,1,5,Freedom,Cabernet Sauvignon,2019-07-09,2019,4,Liberty,84.80000000000001,11.021210054,0.0026779315000000003,0.1060847565
C_473,Liberty,16,1,7,Freedom,Cabernet Sauvignon,2019-07-09,2019,4,Liberty,85.2,12.30059604,0.002826975,0.11171956499999999
C_474,Liberty,17,1,3,Teleki 5C,Cabernet Sauvignon,2019-07-09,2019,4,Liberty,87.7,14.707143965,0.0039885154999999995,0.159676783
C_475,Liberty,17,1,4,Teleki 5C,Cabernet Sauvignon,2019-07-09,2019,4,Liberty,90.2,12.02921846,0.0029573480000000003,0.11596470850000001
C_476,Liberty,17,1,6,Teleki 5C,Cabernet Sauvignon,2019-07-09,2019,4,Liberty,91.15,11.6521378355,0.0029304165,0.1153540095
C_477,Liberty,19,1,3,1103 Paulsen,Cabernet Sauvignon,2019-07-09,2019,4,Liberty,85.35,20.383124029999998,0.007213269,0.305729343
C_478,Liberty,19,1,4,1103 Paulsen,Cabernet Sauvignon,2019-07-09,2019,4,Liberty,88.65,16.646972755,0.004462369,0.1859530605
C_479,Liberty,19,1,5,1103 Paulsen,Cabernet Sauvignon,2019-07-09,2019,4,Liberty,86.75,14.711153955,0.004021482999999999,0.1658337075
C_480,103 SEC B CAB.,26,N/A,12,1103 Paulsen,Cabernet Sauvignon,2019-07-10,2019,4,Livingston,83.95,16.86463208,0.004682847,0.1935066
C_481,103 SEC B CAB.,26,N/A,13,1103 Paulsen,Cabernet Sauvignon,2019-07-10,2019,4,Livingston,85.4,16.60445398,0.0044002875,0.1793647785
C_482,103 SEC B CAB.,26,N/A,14,1103 Paulsen,Cabernet Sauvignon,2019-07-10,2019,4,Livingston,81.6,19.156151180000002,0.005840645,0.2525862355
C_483,005 SEC D,8,N/A,14,Freedom,Cabernet Sauvignon,2019-07-10,2019,4,Livingston,84.55,12.541544215,0.0040441885,0.164962873
C_484,005 SEC D,8,N/A,15,Freedom,Cabernet Sauvignon,2019-07-10,2019,4,Livingston,82.8,15.43514793,0.0047276285,0.19230677899999998
C_485,005 SEC D,8,N/A,16,Freedom,Cabernet Sauvignon,2019-07-10,2019,4,Livingston,84.45,17.55066125,0.00515596,0.212375982
C_486,089 OLCESE 24,21,N/A,10,Freedom,Chardonnay,2019-07-10,2019,4,Livingston,90.35,17.272192515,0.005987006,0.2467320355
C_487,089 OLCESE 24,21,N/A,11,Freedom,Chardonnay,2019-07-10,2019,4,Livingston,87,16.86044114,0.005870230000000001,0.2443313755
C_488,089 OLCESE 24,21,N/A,12,Freedom,Chardonnay,2019-07-10,2019,4,Livingston,86.4,19.350262479999998,0.0064822735,0.2721384885
C_489,018 CARPENTER,9,N/A,12,Teleki 5C,Chardonnay,2019-07-10,2019,4,Livingston,89.4,15.628923655000001,0.0046659860000000004,0.191648211
C_490,018 CARPENTER,9,N/A,14,Teleki 5C,Chardonnay,2019-07-10,2019,4,Livingston,90.45,15.004789630000001,0.0044007365,0.181700653
C_491,018 CARPENTER,9,N/A,16,Teleki 5C,Chardonnay,2019-07-10,2019,4,Livingston,91.8,13.327806135,0.0029693684999999997,0.120425086
C_492,RIP 772,14,N/A,11,Teleki 5C,Cabernet Sauvignon,2019-07-12,2019,4,Ripperdan,92.9,14.289612058500001,0.004264362,0.174794066
C_493,RIP 772,14,N/A,12,Teleki 5C,Cabernet Sauvignon,2019-07-12,2019,4,Ripperdan,94.25,24.486571945,0.008499997,0.3576961305
C_494,RIP 772,14,N/A,13,Teleki 5C,Cabernet Sauvignon,2019-07-12,2019,4,Ripperdan,90.85,23.185126155,0.009297793,0.4105666405
C_495,RIP 760,7,N/A,11,1103 Paulsen,Chardonnay,2019-07-12,2019,4,Ripperdan,86.95,20.140376850000003,0.007934821,0.340569837
C_496,RIP 760,7,N/A,12,1103 Paulsen,Chardonnay,2019-07-12,2019,4,Ripperdan,88.55000000000001,17.606571289999998,0.0065681574999999996,0.278627631
C_497,RIP 760,7,N/A,13,1103 Paulsen,Chardonnay,2019-07-12,2019,4,Ripperdan,87.6,21.599413894999998,0.0095575365,0.4348373325
C_498,RIP 775,7,N/A,11,Freedom,Cabernet Sauvignon,2019-07-12,2019,4,Ripperdan,93.4,18.157439955,0.00563156,0.214903515
C_499,RIP 775,7,N/A,12,Freedom,Cabernet Sauvignon,2019-07-12,2019,4,Ripperdan,97.75,13.30087713,0.0032114435,0.125915532
C_500,RIP 775,7,N/A,13,Freedom,Cabernet Sauvignon,2019-07-12,2019,4,Ripperdan,91.45,21.742785644999998,0.0067358355000000005,0.2834602545
C_501,RIP 730,13,N/A,11,Freedom,Chardonnay,2019-07-12,2019,4,Ripperdan,92.05,18.67126005,0.0082889705,0.345316535
C_502,RIP 730,13,N/A,12,Freedom,Chardonnay,2019-07-12,2019,4,Ripperdan,93.25,19.6070478,0.008132404999999999,0.3452664445
C_503,RIP 730,13,N/A,13,Freedom,Chardonnay,2019-07-12,2019,4,Ripperdan,92.9,21.30118422,0.008665495,0.3829267505
C_504,Liberty,20,2,3,Teleki 5C,Cabernet Sauvignon,2019-07-17,2019,5,Liberty,81.2,18.614555375000002,0.0047874595,0.19912972499999998
C_505,Liberty,20,2,4,Teleki 5C,Cabernet Sauvignon,2019-07-17,2019,5,Liberty,83.8,21.228249769999998,0.006431261000000001,0.277522499
C_506,Liberty,20,2,5,Teleki 5C,Cabernet Sauvignon,2019-07-17,2019,5,Liberty,82.1,20.362925765,0.0060725155,0.26159712
C_507,Liberty,21,2,3,1103 Paulsen,Cabernet Sauvignon,2019-07-17,2019,5,Liberty,83.05000000000001,23.311900375,0.0084801225,0.37393013799999997
C_508,Liberty,21,2,4,1103 Paulsen,Cabernet Sauvignon,2019-07-17,2019,5,Liberty,86.25,20.948367155,0.007271348,0.31374281849999996
C_509,Liberty,21,2,5,1103 Paulsen,Cabernet Sauvignon,2019-07-17,2019,5,Liberty,81.4,20.276376839999998,0.007344863,0.31480155
C_510,Liberty,26,3,3,Freedom,Cabernet Sauvignon,2019-07-17,2019,5,Liberty,81.9,14.856926105,0.004186795,0.167876363
C_511,Liberty,26,3,4,Freedom,Cabernet Sauvignon,2019-07-17,2019,5,Liberty,88.35,17.88030423,0.005661830499999999,0.238320804
C_512,Liberty,26,3,6,Freedom,Cabernet Sauvignon,2019-07-17,2019,5,Liberty,81.15,15.85302749,0.0052518945,0.2146129025
C_513,Liberty,5,2,4,1103 Paulsen,Chardonnay,2019-07-17,2019,5,Liberty,83.55,16.733104829,0.0075909865,0.35488392599999996
C_514,Liberty,5,2,6,1103 Paulsen,Chardonnay,2019-07-17,2019,5,Liberty,85,19.677401879999998,0.008664148,0.378951011
C_515,Liberty,5,2,8,1103 Paulsen,Chardonnay,2019-07-17,2019,5,Liberty,85.15,12.5426327615,0.0043492984999999994,0.184840197
C_516,Liberty,6,2,4,Teleki 5C,Chardonnay,2019-07-17,2019,5,Liberty,87.3,13.282196500000001,0.004124711,0.168182734
C_517,Liberty,6,2,5,Teleki 5C,Chardonnay,2019-07-17,2019,5,Liberty,86.15,10.48501115,0.003381984,0.1386361315
C_518,Liberty,6,2,6,Teleki 5C,Chardonnay,2019-07-17,2019,5,Liberty,88.4,10.966715579999999,0.003009131,0.1217063945
C_519,Liberty,12,3,3,Freedom,Chardonnay,2019-07-17,2019,5,Liberty,91.65,18.046861205,0.0057325455,0.2384651145
C_520,Liberty,12,3,4,Freedom,Chardonnay,2019-07-17,2019,5,Liberty,88.3,16.608903425,0.00568774,0.2396068965
C_521,Liberty,12,3,6,Freedom,Chardonnay,2019-07-17,2019,5,Liberty,91.3,14.662035285,0.0041408955,0.16717416000000002
C_522,005 SEC D,7,N/A,7,Freedom,Cabernet Sauvignon,2019-07-15,2019,5,Livingston,90.1,11.02921964,0.0028643655,0.1097696265
C_523,005 SEC D,7,N/A,8,Freedom,Cabernet Sauvignon,2019-07-15,2019,5,Livingston,91.9,11.629034195,0.0028647645000000003,0.11278625049999999
C_524,005 SEC D,7,N/A,9,Freedom,Cabernet Sauvignon,2019-07-15,2019,5,Livingston,93.3,9.5964498045,0.0024181454999999998,0.09355593849999999
C_525,089 OLCESE 24,21,N/A,13,Freedom,Chardonnay,2019-07-15,2019,5,Livingston,88.55000000000001,17.726186385,0.005926106,0.25167073149999997
C_526,089 OLCESE 24,21,N/A,14,Freedom,Chardonnay,2019-07-15,2019,5,Livingston,89.85,18.38370936,0.0060270015,0.250067531
C_527,089 OLCESE 24,21,N/A,15,Freedom,Chardonnay,2019-07-15,2019,5,Livingston,88.1,13.957733220000001,0.0047556235,0.193352134
C_528,018 CARPENTER,9,N/A,18,Teleki 5C,Chardonnay,2019-07-15,2019,5,Livingston,92,6.3988500745,0.0011291884999999999,0.04423271
C_529,018 CARPENTER,9,N/A,20,Teleki 5C,Chardonnay,2019-07-15,2019,5,Livingston,96.75,7.6343171555,0.001496251,0.057271417
C_530,018 CARPENTER,9,N/A,22,Teleki 5C,Chardonnay,2019-07-15,2019,5,Livingston,96.65,8.777022268,0.001971638,0.07617574299999999
C_531,103 SEC B,26,N/A,15,1103 Paulsen,Cabernet Sauvignon,2019-07-15,2019,5,Livingston,98.35,11.71062027,0.0024755395,0.095389927
C_532,103 SEC B,26,N/A,16,1103 Paulsen,Cabernet Sauvignon,2019-07-15,2019,5,Livingston,98.95,10.4776922095,0.0022640895,0.0850476925
C_533,103 SEC B,26,N/A,17,1103 Paulsen,Cabernet Sauvignon,2019-07-15,2019,5,Livingston,101.45,7.654140224500001,0.001517175,0.054996488999999996
C_534,RIP 760,7,N/A,14,1103 Paulsen,Chardonnay,2019-07-16,2019,5,Ripperdan,87.15,15.50318132,0.004872555000000001,0.2015646025
C_535,RIP 760,7,N/A,15,1103 Paulsen,Chardonnay,2019-07-16,2019,5,Ripperdan,84.19999999999999,18.012126675,0.006904492,0.3096102065
C_536,RIP 760,7,N/A,16,1103 Paulsen,Chardonnay,2019-07-16,2019,5,Ripperdan,86.25,16.144110755,0.006634035,0.282991938
C_537,RIP 775,7,N/A,14,Freedom,Cabernet Sauvignon,2019-07-16,2019,5,Ripperdan,88,19.887375975,0.006151238999999999,0.25690952499999997
C_538,RIP 775,7,N/A,15,Freedom,Cabernet Sauvignon,2019-07-16,2019,5,Ripperdan,94.85,14.61793831,0.003786003,0.1494844405
C_539,RIP 775,7,N/A,16,Freedom,Cabernet Sauvignon,2019-07-16,2019,5,Ripperdan,94.65,18.79945196,0.0059825035,0.24350502950000003
C_540,RIP 730,13,N/A,11,Freedom,Chardonnay,2019-07-16,2019,5,Ripperdan,91.8,19.360755865,0.007384034,0.3171970885
C_541,RIP 730,13,N/A,12,Freedom,Chardonnay,2019-07-16,2019,5,Ripperdan,92.55,19.60925032,0.007686449999999999,0.3238495335
C_542,RIP 730,13,N/A,13,Freedom,Chardonnay,2019-07-16,2019,5,Ripperdan,91.9,16.268666495,0.0065127475,0.28039434799999996
C_543,RIP 772,14,N/A,14,Teleki 5C,Cabernet Sauvignon,2019-07-16,2019,5,Ripperdan,93.35,20.338373500000003,0.006305693,0.2598400465
C_544,RIP 772,14,N/A,15,Teleki 5C,Cabernet Sauvignon,2019-07-16,2019,5,Ripperdan,92.75,18.427607135000002,0.005422707000000001,0.2218756055
C_545,RIP 772,14,N/A,16,Teleki 5C,Cabernet Sauvignon,2019-07-16,2019,5,Ripperdan,94.35,17.221560905,0.004907234,0.1993481735
C_546,Liberty,9,3,3,Teleki 5C,Chardonnay,2019-07-23,2019,6,Liberty,91,13.827867815000001,0.0032904655,0.130956085
C_547,Liberty,9,3,4,Teleki 5C,Chardonnay,2019-07-23,2019,6,Liberty,82.25,9.620551652,0.0022557955000000003,0.090487708
C_548,Liberty,9,3,5,Teleki 5C,Chardonnay,2019-07-23,2019,6,Liberty,80,12.75731476,0.0035333545,0.1433308015
C_549,Liberty,10,4,3,1103 Paulsen,Chardonnay,2019-07-23,2019,6,Liberty,83.9,21.092806085,0.007325597,0.312544096
C_550,Liberty,10,4,4,1103 Paulsen,Chardonnay,2019-07-23,2019,6,Liberty,81.3,16.872243245,0.0055979210000000005,0.23530098300000002
C_551,Liberty,10,4,5,1103 Paulsen,Chardonnay,2019-07-23,2019,6,Liberty,88,16.30557497,0.0045780809999999995,0.189746268
C_552,Liberty,13,4,3,Freedom,Chardonnay,2019-07-23,2019,6,Liberty,96.4,12.38916628,0.0034124515,0.13427523600000002
C_553,Liberty,13,4,4,Freedom,Chardonnay,2019-07-23,2019,6,Liberty,96.7,18.03391193,0.005779004,0.2462166595
C_554,Liberty,13,4,6,Freedom,Chardonnay,2019-07-23,2019,6,Liberty,89.45,15.298893755,0.003988781,0.1675577775
C_555,Liberty,22,3,4,Teleki 5C,Cabernet Sauvignon,2019-07-23,2019,6,Liberty,89.15,15.573459849999999,0.003741616,0.152533252
C_556,Liberty,22,3,5,Teleki 5C,Cabernet Sauvignon,2019-07-23,2019,6,Liberty,90.45,12.466110895,0.002508293,0.0971973205
C_557,Liberty,22,3,6,Teleki 5C,Cabernet Sauvignon,2019-07-23,2019,6,Liberty,87.8,11.2058374505,0.0025514515,0.1001990585
C_558,Liberty,23,3,3,1103 Paulsen,Cabernet Sauvignon,2019-07-23,2019,6,Liberty,92.95,19.515045435,0.005990258,0.2580460705
C_559,Liberty,23,3,5,1103 Paulsen,Cabernet Sauvignon,2019-07-23,2019,6,Liberty,89.2,15.252872870000001,0.0044050245,0.1775410855
C_560,Liberty,23,3,6,1103 Paulsen,Cabernet Sauvignon,2019-07-23,2019,6,Liberty,96.1,12.30435714,0.0031315015,0.122279858
C_561,Liberty,26,3,3,Freedom,Cabernet Sauvignon,2019-07-23,2019,6,Liberty,94.4,12.10456734,0.0029875880000000002,0.118031835
C_562,Liberty,26,3,4,Freedom,Cabernet Sauvignon,2019-07-23,2019,6,Liberty,91.15,12.82779199,0.002782509,0.1079074045
C_563,Liberty,26,3,6,Freedom,Cabernet Sauvignon,2019-07-23,2019,6,Liberty,81.05000000000001,15.978608724999999,0.0046679619999999995,0.194560654
C_564,089 OLCESE 24,21,N/A,16,Freedom,Chardonnay,2019-07-24,2019,6,Livingston,82.95,16.001266055000002,0.0055205165,0.2351416105
C_565,089 OLCESE 24,21,N/A,17,Freedom,Chardonnay,2019-07-24,2019,6,Livingston,79.65,20.088272805,0.006720332,0.2878985455
C_566,089 OLCESE 24,21,N/A,18,Freedom,Chardonnay,2019-07-24,2019,6,Livingston,84.19999999999999,15.82716592,0.0050615705,0.208951124
C_567,018 CARPENTER,10,N/A,12,Teleki 5C,Chardonnay,2019-07-24,2019,6,Livingston,92.7,9.5113515125,0.0028172055000000003,0.104121099
C_568,018 CARPENTER,10,N/A,14,Teleki 5C,Chardonnay,2019-07-24,2019,6,Livingston,94.9,7.8756585349999995,0.0019099045000000002,0.074590926
C_569,018 CARPENTER,10,N/A,16,Teleki 5C,Chardonnay,2019-07-24,2019,6,Livingston,89.55,9.6019620135,0.002063526,0.0803503865
C_570,103 SEC B,26,N/A,18,1103 Paulsen,Cabernet Sauvignon,2019-07-24,2019,6,Livingston,87.15,17.467211075,0.0052608775,0.21243381849999998
C_571,103 SEC B,26,N/A,19,1103 Paulsen,Cabernet Sauvignon,2019-07-24,2019,6,Livingston,91.5,20.240326154999998,0.005786073,0.23549984000000002
C_572,103 SEC B,26,N/A,20,1103 Paulsen,Cabernet Sauvignon,2019-07-24,2019,6,Livingston,87.35,16.540374985,0.0043546325,0.17599090550000002
C_573,005 SEC D,6,N/A,14,Freedom,Cabernet Sauvignon,2019-07-24,2019,6,Livingston,101.8,14.045987215,0.0059237715,0.194726668
C_574,005 SEC D,6,N/A,15,Freedom,Cabernet Sauvignon,2019-07-24,2019,6,Livingston,101.95,17.119929435,0.005908595500000001,0.24011757
C_575,005 SEC D,6,N/A,16,Freedom,Cabernet Sauvignon,2019-07-24,2019,6,Livingston,94.8,12.818803335,0.0038533605,0.14697459400000001
C_576,RIP 775,5,N/A,11,Freedom,Cabernet Sauvignon,2019-07-25,2019,6,Ripperdan,87.2,22.126849524999997,0.00897272,0.39899079049999997
C_577,RIP 775,5,N/A,12,Freedom,Cabernet Sauvignon,2019-07-25,2019,6,Ripperdan,89.3,19.775036550000003,0.005728116,0.2422511585
C_578,RIP 775,5,N/A,13,Freedom,Cabernet Sauvignon,2019-07-25,2019,6,Ripperdan,92.6,20.474525794999998,0.006511858,0.2682132935
C_579,RIP 730,14,N/A,11,Freedom,Chardonnay,2019-07-25,2019,6,Ripperdan,91.85,17.812617234999998,0.007921893,0.33888323
C_580,RIP 730,14,N/A,12,Freedom,Chardonnay,2019-07-25,2019,6,Ripperdan,88.6,19.4693628,0.0079918875,0.34132743
C_581,RIP 730,14,N/A,13,Freedom,Chardonnay,2019-07-25,2019,6,Ripperdan,91.6,20.223624710000003,0.007967618,0.3484647205
C_582,RIP 772,15,N/A,11,Teleki 5C,Cabernet Sauvignon,2019-07-25,2019,6,Ripperdan,106.95,16.316371734999997,0.005682967000000001,0.1947160265
C_583,RIP 772,15,N/A,12,Teleki 5C,Cabernet Sauvignon,2019-07-25,2019,6,Ripperdan,99.7,18.40106366,0.005570461,0.22040383200000002
C_584,RIP 772,15,N/A,10,Teleki 5C,Cabernet Sauvignon,2019-07-25,2019,6,Ripperdan,101,18.991700780000002,0.0058225329999999995,0.2358207835
C_585,RIP 760,8,N/A,11,1103 Paulsen,Chardonnay,2019-07-25,2019,6,Ripperdan,97.7,13.621497575,0.005216234,0.20066013900000002
C_586,RIP 760,8,N/A,12,1103 Paulsen,Chardonnay,2019-07-25,2019,6,Ripperdan,102.25,15.317433170000001,0.0054801875,0.221715
C_587,RIP 760,8,N/A,13,1103 Paulsen,Chardonnay,2019-07-25,2019,6,Ripperdan,98.95,17.868806409999998,0.0066958755,0.2801006185
C_588,Liberty,22,3,4,Teleki 5C,Cabernet Sauvignon,2019-07-29,2019,7,Liberty,91.05,15.985412185000001,0.004418942,0.185721704
C_589,Liberty,22,3,5,Teleki 5C,Cabernet Sauvignon,2019-07-29,2019,7,Liberty,84.4,15.185454889999999,0.0042130155,0.1712452035
C_590,Liberty,22,3,6,Teleki 5C,Cabernet Sauvignon,2019-07-29,2019,7,Liberty,89.15,18.08968529,0.0056326564999999995,0.2417129855
C_591,Liberty,23,3,3,1103 Paulsen,Cabernet Sauvignon,2019-07-29,2019,7,Liberty,82.2,19.18099334,0.006703995,0.309460578
C_592,Liberty,23,3,5,1103 Paulsen,Cabernet Sauvignon,2019-07-29,2019,7,Liberty,81.5,20.71624446,0.0074260625,0.3310824445
C_593,Liberty,23,3,6,1103 Paulsen,Cabernet Sauvignon,2019-07-29,2019,7,Liberty,80.80000000000001,16.509566794999998,0.004465215,0.1919430795
C_594,Liberty,26,4,2,Freedom,Cabernet Sauvignon,2019-07-29,2019,7,Liberty,82.15,14.550604060000001,0.004096669000000001,0.16928186350000002
C_595,Liberty,26,4,5,Freedom,Cabernet Sauvignon,2019-07-29,2019,7,Liberty,86.1,16.35673412,0.005051462499999999,0.21234453
C_596,Liberty,26,4,6,Freedom,Cabernet Sauvignon,2019-07-29,2019,7,Liberty,84.94999999999999,18.265542185,0.005280149,0.220813869
C_597,Liberty,9,3,3,Teleki 5C,Chardonnay,2019-07-29,2019,7,Liberty,81.55,11.7151687225,0.0034073569999999997,0.139912673
C_598,Liberty,9,3,4,Teleki 5C,Chardonnay,2019-07-29,2019,7,Liberty,77.95,9.6006517385,0.0023097635,0.0925848465
C_599,Liberty,9,3,5,Teleki 5C,Chardonnay,2019-07-29,2019,7,Liberty,82.4,14.40217998,0.004588351500000001,0.19539478799999999
C_600,Liberty,10,4,3,1103 Paulsen,Chardonnay,2019-07-29,2019,7,Liberty,87.75,21.22968859,0.0087285195,0.3881465615
C_601,Liberty,10,4,4,1103 Paulsen,Chardonnay,2019-07-29,2019,7,Liberty,86.6,18.93927735,0.007738285,0.34461065599999996
C_602,Liberty,10,4,5,1103 Paulsen,Chardonnay,2019-07-29,2019,7,Liberty,88.35,18.680277385,0.007241208,0.3278857615
C_603,Liberty,13,4,3,Freedom,Chardonnay,2019-07-29,2019,7,Liberty,92.2,15.213508310000002,0.0048600945,0.20056256099999997
C_604,Liberty,13,4,4,Freedom,Chardonnay,2019-07-29,2019,7,Liberty,84.15,18.85139088,0.0060529445,0.259626682
C_605,Liberty,13,4,6,Freedom,Chardonnay,2019-07-29,2019,7,Liberty,86.8,12.324824235000001,0.003288406,0.131422592
C_606,018 CARPENTER,10,N/A,18,Teleki 5C,Chardonnay,2019-07-30,2019,7,Livingston,85.55,11.112772983,0.002576728,0.1038002555
C_607,018 CARPENTER,10,N/A,20,Teleki 5C,Chardonnay,2019-07-30,2019,7,Livingston,90.4,10.2978044205,0.0024676355,0.09963073249999999
C_608,018 CARPENTER,10,N/A,24,Teleki 5C,Chardonnay,2019-07-30,2019,7,Livingston,82.6,9.211780017999999,0.0020965585,0.08193758649999999
C_609,103 SEC B,26,N/A,21,1103 Paulsen,Cabernet Sauvignon,2019-07-30,2019,7,Livingston,83.5,14.915866925,0.0037977185,0.15215151400000002
C_610,103 SEC B,26,N/A,22,1103 Paulsen,Cabernet Sauvignon,2019-07-30,2019,7,Livingston,87.75,15.836687014999999,0.0043280405,0.17907674499999998
C_611,103 SEC B,26,N/A,23,1103 Paulsen,Cabernet Sauvignon,2019-07-30,2019,7,Livingston,87.3,15.05858061,0.0038297490000000003,0.15407861750000001
C_612,005 SEC D,6,N/A,27,Freedom,Cabernet Sauvignon,2019-07-30,2019,7,Livingston,93.15,15.244088175,0.004381995,0.1752087605
C_613,005 SEC D,6,N/A,28,Freedom,Cabernet Sauvignon,2019-07-30,2019,7,Livingston,94.4,12.306539106999999,0.0035391664999999996,0.140204827
C_614,005 SEC D,6,N/A,39,Freedom,Cabernet Sauvignon,2019-07-30,2019,7,Livingston,97.3,16.06802155,0.005784902999999999,0.242330322
C_615,089 OLCESE 24,21,N/A,19,Freedom,Chardonnay,2019-07-30,2019,7,Livingston,88.5,19.831297785,0.0057016395,0.24115303300000002
C_616,089 OLCESE 24,21,N/A,20,Freedom,Chardonnay,2019-07-30,2019,7,Livingston,87.9,14.78456658,0.0043618115,0.17357802900000002
C_617,089 OLCESE 24,21,N/A,21,Freedom,Chardonnay,2019-07-30,2019,7,Livingston,97.75,12.223393569999999,0.0035249465,0.1391819295
C_618,RIP 730,14,N/A,14,Freedom,Chardonnay,2019-07-31,2019,7,Ripperdan,94.25,17.20260409,0.006940891499999999,0.293837785
C_619,RIP 730,14,N/A,15,Freedom,Chardonnay,2019-07-31,2019,7,Ripperdan,91.2,17.191342815,0.006524668,0.28087649150000005
C_620,RIP 730,14,N/A,16,Freedom,Chardonnay,2019-07-31,2019,7,Ripperdan,90,18.23056632,0.007776221,0.3357241635
C_621,RIP 772,15,N/A,14,Teleki 5C,Cabernet Sauvignon,2019-07-31,2019,7,Ripperdan,93.55,16.51099153,0.004933986,0.2017077995
C_622,RIP 772,15,N/A,15,Teleki 5C,Cabernet Sauvignon,2019-07-31,2019,7,Ripperdan,90.2,18.368790585,0.005506559,0.22557719250000002
C_623,RIP 772,15,N/A,16,Teleki 5C,Cabernet Sauvignon,2019-07-31,2019,7,Ripperdan,90.9,15.428429954999999,0.0047242575,0.188789851
C_624,RIP 760,8,N/A,14,1103 Paulsen,Chardonnay,2019-07-31,2019,7,Ripperdan,99.75,16.05629457,0.0060817225,0.2518055825
C_625,RIP 760,8,N/A,15,1103 Paulsen,Chardonnay,2019-07-31,2019,7,Ripperdan,93.5,18.690666014999998,0.0074329135,0.3214679655
C_626,RIP 760,8,N/A,16,1103 Paulsen,Chardonnay,2019-07-31,2019,7,Ripperdan,92.65,19.392165765,0.0078539775,0.33710077650000003
C_627,RIP 775,8,N/A,11,Freedom,Cabernet Sauvignon,2019-07-31,2019,7,Ripperdan,95.45,18.551408305000002,0.0067244235,0.274105108
C_628,RIP 775,8,N/A,12,Freedom,Cabernet Sauvignon,2019-07-31,2019,7,Ripperdan,96.65,15.929851334999999,0.005150976999999999,0.20778184049999998
C_629,RIP 775,8,N/A,13,Freedom,Cabernet Sauvignon,2019-07-31,2019,7,Ripperdan,94.45,14.058878825,0.0032698515,0.12901655550000002
