sample,rootstock,scion,location,year,E,A,gsw
C4,1103P,chard,san joaquin,y2018,0.010175834,20.05089716,0.443439086
C4,1103P,chard,san joaquin,y2018,0.006450519,16.24919146,0.249829845
C5,1103P,chard,san joaquin,y2018,0.010750294,23.77964367,0.4827719
C5,1103P,chard,san joaquin,y2018,0.011153398,24.3952722,0.485703101
C6,1103P,chard,san joaquin,y2018,0.008249739,19.29778619,0.338571406
C6,1103P,chard,san joaquin,y2018,0.00175589,8.076276249,0.059348469
C16,1103P,cab,san joaquin,y2018,0.00381046,12.90245595,0.125770909
C16,1103P,cab,san joaquin,y2018,0.001362379,5.329147149,0.040034045
C17,1103P,cab,san joaquin,y2018,0.002059829,7.251836993,0.06208923
C17,1103P,cab,san joaquin,y2018,0.001284804,4.623965161,0.038154953
C18,1103P,cab,san joaquin,y2018,0.002621775,9.925016161,0.080047589
C18,1103P,cab,san joaquin,y2018,0.002924307,10.65579581,0.08833222
C19,1103P,cab,merced,y2018,0.003870612,16.25898461,0.154643331
C19,1103P,cab,merced,y2018,0.002557011,12.32762208,0.097767222
C20,1103P,cab,merced,y2018,0.003494055,14.9816855,0.138069888
C20,1103P,cab,merced,y2018,0.002368352,10.31337509,0.09640745
C21,1103P,cab,merced,y2018,0.002449971,10.29226029,0.0964224
C21,1103P,cab,merced,y2018,0.002576927,12.27744359,0.100867336
C34,1103P,chard,madera,y2018,0.006926932,20.10126736,0.297643078
C34,1103P,chard,madera,y2018,0.010028419,22.31857044,0.465043641
C35,1103P,chard,madera,y2018,0.009740166,22.31508053,0.448585379
C35,1103P,chard,madera,y2018,0.008147491,19.4622143,0.355301005
C36,1103P,chard,madera,y2018,0.011055039,23.93891147,0.505373372
C36,1103P,chard,madera,y2018,0.008744432,18.58370213,0.388708115
C46,1103P,cab,san joaquin,y2018,0.004202767,14.55718779,0.171034207
C46,1103P,cab,san joaquin,y2018,0.002568904,12.53284763,0.096341875
C47,1103P,cab,san joaquin,y2018,0.004618512,17.28155651,0.187050963
C47,1103P,cab,san joaquin,y2018,0.006642623,20.11582371,0.288224073
C48,1103P,cab,san joaquin,y2018,0.002517992,10.68093457,0.098125893
C48,1103P,cab,san joaquin,y2018,0.002825544,10.89636709,0.110391089
C52,1103P,chard,san joaquin,y2018,0.005076214,16.62255891,0.209449236
C52,1103P,chard,san joaquin,y2018,0.006155843,17.89902157,0.259012631
C53,1103P,chard,san joaquin,y2018,0.007031269,21.70851549,0.307113888
C53,1103P,chard,san joaquin,y2018,0.006588571,18.41665322,0.281479129
C54,1103P,chard,san joaquin,y2018,0.005547569,18.98565732,0.235195339
C54,1103P,chard,san joaquin,y2018,0.004124383,14.52998759,0.167070612
C70,1103P,cab,merced,y2018,-1.75E-05,-0.005989391,-0.000662675
C70,1103P,cab,merced,y2018,-4.31E-06,0.024722137,-0.000164527
C71,1103P,cab,merced,y2018,-2.97E-06,0.007190237,-0.000113434
C71,1103P,cab,merced,y2018,-2.97E-06,0.006190451,-0.000110446
C72,1103P,cab,merced,y2018,-1.96E-05,-0.056167068,-0.000759457
C72,1103P,cab,merced,y2018,-1.10E-05,0.037396823,-0.000397207
C73,1103P,chard,madera,y2018,0.007630376,16.02511652,0.323885795
C73,1103P,chard,madera,y2018,0.006950731,11.80643325,0.291867273
C74,1103P,chard,madera,y2018,0.007639912,19.48431977,0.324823694
C74,1103P,chard,madera,y2018,0.007828589,19.04577811,0.343911917
C75,1103P,chard,madera,y2018,0.008715322,18.58627354,0.377644385
C75,1103P,chard,madera,y2018,0.009790591,21.12075363,0.441167004
C88,1103P,chard,san joaquin,y2018,0.009463515,22.36271936,0.416006376
C88,1103P,chard,san joaquin,y2018,0.00890104,19.74555217,0.39027352
C89,1103P,chard,san joaquin,y2018,0.008043666,20.00076428,0.346956227
C89,1103P,chard,san joaquin,y2018,0.007758183,21.21210411,0.345766617
C90,1103P,chard,san joaquin,y2018,0.010110193,17.07627686,0.45708805
C90,1103P,chard,san joaquin,y2018,0.006245131,15.02094775,0.242746196
C97,1103P,cab,san joaquin,y2018,0.002519567,11.78268296,0.091764486
C97,1103P,cab,san joaquin,y2018,0.002147866,10.25310996,0.080012541
C98,1103P,cab,san joaquin,y2018,0.004905786,17.57228174,0.195785415
C98,1103P,cab,san joaquin,y2018,0.00229902,9.897945705,0.086777655
C99,1103P,cab,san joaquin,y2018,0.003854844,15.18460166,0.155209112
C99,1103P,cab,san joaquin,y2018,0.002909276,12.89174373,0.110817105
C109,1103P,cab,merced,y2018,0.00117859,5.222045738,0.03873871
C109,1103P,cab,merced,y2018,0.000910699,2.949850748,0.028144958
C110,1103P,cab,merced,y2018,0.002718705,9.55358218,0.092202671
C110,1103P,cab,merced,y2018,0.001711671,6.406645305,0.051828612
C111,1103P,cab,merced,y2018,0.001798759,6.734455629,0.05759619
C111,1103P,cab,merced,y2018,0.001301701,4.722951449,0.04333865
C124,1103P,chard,madera,y2018,0.011391132,22.6841402,0.517282683
C124,1103P,chard,madera,y2018,0.012201328,20.09506346,0.573243704
C125,1103P,chard,madera,y2018,0.009722086,19.00509347,0.434188455
C125,1103P,chard,madera,y2018,0.009800392,21.76190694,0.42905912
C126,1103P,chard,madera,y2018,0.010292117,20.11433973,0.47541821
C126,1103P,chard,madera,y2018,0.011736633,21.26755775,0.566069482
C130,1103P,cab,san joaquin,y2018,0.00377725,16.14274797,0.141737157
C130,1103P,cab,san joaquin,y2018,0.004248761,16.88285828,0.170492753
C131,1103P,cab,san joaquin,y2018,0.004292098,16.20257245,0.172927644
C131,1103P,cab,san joaquin,y2018,0.004234325,15.1188808,0.166749392
C132,1103P,cab,san joaquin,y2018,0.003740579,14.60034858,0.147649581
C132,1103P,cab,san joaquin,y2018,0.002912312,12.19624237,0.109132151
C136,1103P,chard,san joaquin,y2018,0.003741101,15.27885415,0.143806016
C136,1103P,chard,san joaquin,y2018,0.002731612,11.1226316,0.101843573
C137,1103P,chard,san joaquin,y2018,0.002424285,8.351796407,0.081951562
C137,1103P,chard,san joaquin,y2018,0.003446393,13.32085671,0.126227632
C138,1103P,chard,san joaquin,y2018,0.002804313,12.39775949,0.104562367
C138,1103P,chard,san joaquin,y2018,0.002008172,9.953993732,0.0711375
C148,1103P,cab,merced,y2018,0.002314385,9.432221512,0.072489866
C148,1103P,cab,merced,y2018,0.003939983,15.56858828,0.136548083
C149,1103P,cab,merced,y2018,0.006216981,19.17726585,0.227479418
C149,1103P,cab,merced,y2018,0.004965185,17.88006758,0.181953105
C150,1103P,cab,merced,y2018,0.003120215,14.48275529,0.107262198
C150,1103P,cab,merced,y2018,0.002749948,11.65415937,0.093486339
C163,1103P,chard,madera,y2018,0.009467698,22.94469684,0.406270476
C163,1103P,chard,madera,y2018,0.006761263,17.19881496,0.266287044
C164,1103P,chard,madera,y2018,0.00588843,13.73155924,0.223907661
C164,1103P,chard,madera,y2018,0.008302615,18.32377451,0.353683842
C165,1103P,chard,madera,y2018,0.009296445,19.13926305,0.410189257
C165,1103P,chard,madera,y2018,0.008037852,18.58114568,0.343533463
C172,1103P,chard,san joaquin,y2018,0.009393031,18.28557829,0.428737982
C172,1103P,chard,san joaquin,y2018,0.003396012,9.842068952,0.134452181
C173,1103P,chard,san joaquin,y2018,0.007978223,21.72769185,0.350674629
C173,1103P,chard,san joaquin,y2018,0.005436538,16.96740971,0.219093888
C174,1103P,chard,san joaquin,y2018,0.008109424,19.63624236,0.352352262
C174,1103P,chard,san joaquin,y2018,0.005262541,15.40396321,0.209162886
C184,1103P,cab,san joaquin,y2018,0.004051625,15.76647459,0.138772625
C184,1103P,cab,san joaquin,y2018,0.001753158,8.088965943,0.05841951
C185,1103P,cab,san joaquin,y2018,0.003415604,13.45387508,0.115555744
C185,1103P,cab,san joaquin,y2018,0.004716625,15.36367214,0.180772605
C186,1103P,cab,san joaquin,y2018,0.002125431,9.987062373,0.069274849
C186,1103P,cab,san joaquin,y2018,0.003985696,14.10629413,0.141060305
C187,1103P,cab,merced,y2018,0.002391993,11.36129855,0.086956261
C187,1103P,cab,merced,y2018,0.002244891,10.49575293,0.083195911
C188,1103P,cab,merced,y2018,0.00460157,16.23432081,0.176292291
C188,1103P,cab,merced,y2018,0.00609572,20.27213836,0.242491019
C189,1103P,cab,merced,y2018,0.002249561,9.201328731,0.076396789
C189,1103P,cab,merced,y2018,0.001549144,7.749573296,0.056583516
C202,1103P,chard,madera,y2018,0.013351638,28.15474851,0.615733645
C202,1103P,chard,madera,y2018,0.014533886,28.46556388,0.708067382
C203,1103P,chard,madera,y2018,0.01376441,26.34995156,0.647118039
C203,1103P,chard,madera,y2018,0.012655002,25.65134727,0.576414396
C204,1103P,chard,madera,y2018,0.008263303,18.09745054,0.34935224
C204,1103P,chard,madera,y2018,0.007361168,16.83283555,0.3085805
C214,1103P,cab,san joaquin,y2018,0.003827958,14.58600271,0.156539421
C214,1103P,cab,san joaquin,y2018,0.002887281,10.96779803,0.11284951
C215,1103P,cab,san joaquin,y2018,0.004079091,15.41601912,0.1584461
C215,1103P,cab,san joaquin,y2018,0.004130479,15.32201907,0.168914744
C216,1103P,cab,san joaquin,y2018,0.002957938,11.23366326,0.113359037
C216,1103P,cab,san joaquin,y2018,0.00356795,13.65968977,0.1385307
C220,1103P,chard,san joaquin,y2018,0.004106176,12.8841796,0.165698843
C220,1103P,chard,san joaquin,y2018,0.002678301,11.12540227,0.105588902
C221,1103P,chard,san joaquin,y2018,0.003373156,13.10713196,0.135060761
C221,1103P,chard,san joaquin,y2018,0.004261212,16.72470372,0.172052749
C222,1103P,chard,san joaquin,y2018,0.00424469,17.11361438,0.169206668
C222,1103P,chard,san joaquin,y2018,0.002955193,13.18899604,0.113159801
C238,1103P,cab,merced,y2018,0.003585722,12.89727102,0.116780556
C238,1103P,cab,merced,y2018,0.003462044,11.19734872,0.105504166
C239,1103P,cab,merced,y2018,0.002464941,8.039695556,0.070337966
C239,1103P,cab,merced,y2018,0.00159238,5.664361363,0.044202868
C240,1103P,cab,merced,y2018,0.003070542,10.31069172,0.089365502
C240,1103P,cab,merced,y2018,0.001174735,4.563494005,0.033170559
C241,1103P,chard,madera,y2018,0.008597399,18.01272376,0.373356014
C241,1103P,chard,madera,y2018,0.00962554,21.30242954,0.446995349
C242,1103P,chard,madera,y2018,0.00892871,21.02386311,0.400466148
C242,1103P,chard,madera,y2018,0.008443355,19.77291885,0.370436055
C243,1103P,chard,madera,y2018,0.009281453,21.41541684,0.401836394
C243,1103P,chard,madera,y2018,0.009528257,20.47872212,0.430747003
C256,1103P,chard,san joaquin,y2018,0.004023941,16.01082262,0.158055239
C256,1103P,chard,san joaquin,y2018,0.002400355,11.83767529,0.091528408
C257,1103P,chard,san joaquin,y2018,0.001941639,10.18000882,0.075760811
C257,1103P,chard,san joaquin,y2018,0.002069828,11.16050968,0.080903456
C258,1103P,chard,san joaquin,y2018,0.002712569,11.75763323,0.108404207
C258,1103P,chard,san joaquin,y2018,0.00271608,11.55626842,0.108882259
C265,1103P,cab,san joaquin,y2018,0.001590353,8.323437798,0.060014456
C265,1103P,cab,san joaquin,y2018,0.000714399,4.552967392,0.026532418
C266,1103P,cab,san joaquin,y2018,0.000589201,5.205601924,0.022944006
C266,1103P,cab,san joaquin,y2018,0.000960605,6.057986901,0.033947677
C267,1103P,cab,san joaquin,y2018,0.001838766,8.888030716,0.071107993
C267,1103P,cab,san joaquin,y2018,0.001126938,6.227424985,0.041796974
C277,1103P,cab,merced,y2018,0.003025158,10.64532286,0.093304499
C277,1103P,cab,merced,y2018,0.001650309,8.109605416,0.05350107
C278,1103P,cab,merced,y2018,0.001779649,9.211813644,0.061292177
C278,1103P,cab,merced,y2018,0.001390433,7.552472768,0.051227544
C279,1103P,cab,merced,y2018,0.001754238,7.659768034,0.061019484
C279,1103P,cab,merced,y2018,0.001525009,7.209677257,0.056275984
C292,1103P,chard,madera,y2018,0.006442372,16.72493048,0.266225477
C292,1103P,chard,madera,y2018,0.005155574,15.87639413,0.201764286
C293,1103P,chard,madera,y2018,0.00574638,17.363748,0.236789788
C293,1103P,chard,madera,y2018,0.006168323,15.44716236,0.259323125
C294,1103P,chard,madera,y2018,0.006000279,17.21396049,0.241968511
C294,1103P,chard,madera,y2018,0.004975128,15.52963745,0.195016102
C298,1103P,cab,san joaquin,y2018,0.00222255,9.166672058,0.076060634
C298,1103P,cab,san joaquin,y2018,0.001636888,7.826148768,0.055899309
C299,1103P,cab,san joaquin,y2018,0.001536608,6.690693756,0.052656961
C299,1103P,cab,san joaquin,y2018,0.000953098,3.877480447,0.031000887
C300,1103P,cab,san joaquin,y2018,0.002412339,11.04438444,0.086273901
C300,1103P,cab,san joaquin,y2018,0.00225148,9.770086408,0.081607566
C307,1103P,chard,san joaquin,y2018,0.003601471,9.878494812,0.13026031
C307,1103P,chard,san joaquin,y2018,0.001016215,1.221234609,0.033270876
C308,1103P,chard,san joaquin,y2018,0.001591164,6.084003548,0.052910077
C308,1103P,chard,san joaquin,y2018,0.001846274,6.834579799,0.059310876
C309,1103P,chard,san joaquin,y2018,0.001198217,3.539576425,0.035831734
C309,1103P,chard,san joaquin,y2018,0.000912207,3.491102261,0.025213048
C316,1103P,cab,merced,y2018,0.002400865,12.23100523,0.092759664
C316,1103P,cab,merced,y2018,0.002106481,8.229585713,0.079712388
C317,1103P,cab,merced,y2018,0.001968228,9.280544532,0.07180745
C317,1103P,cab,merced,y2018,0.002605711,11.99613066,0.098005039
C318,1103P,cab,merced,y2018,0.003690374,14.91813274,0.144034983
C318,1103P,cab,merced,y2018,0.003875556,14.2915597,0.152044552
C331,1103P,chard,madera,y2018,0.003761864,13.48403825,0.158555399
C331,1103P,chard,madera,y2018,0.003051283,11.46728759,0.124290915
C332,1103P,chard,madera,y2018,0.001440094,6.200771092,0.055960768
C332,1103P,chard,madera,y2018,0.00487486,12.80694337,0.203196129
C333,1103P,chard,madera,y2018,0.004491319,14.34602334,0.188754504
C333,1103P,chard,madera,y2018,0.005787994,16.31879166,0.258275969
C340,1103P,cab,san joaquin,y2019,0.009480373,26.31039677,0.418847048
C340,1103P,cab,san joaquin,y2019,0.008893356,26.56328599,0.380518159
C341,1103P,cab,san joaquin,y2019,0.010633756,26.62312691,0.477597778
C341,1103P,cab,san joaquin,y2019,0.009357248,24.09868613,0.405550484
C342,1103P,cab,san joaquin,y2019,0.00981193,25.52351308,0.421232268
C342,1103P,cab,san joaquin,y2019,0.009388004,24.74767889,0.4048478
C346,1103P,chard,san joaquin,y2019,0.012042048,26.23882689,0.579300486
C346,1103P,chard,san joaquin,y2019,0.006666306,20.50711201,0.273774999
C347,1103P,chard,san joaquin,y2019,0.013967094,28.16202543,0.707193188
C347,1103P,chard,san joaquin,y2019,0.005981832,16.64432671,0.242704929
C348,1103P,chard,san joaquin,y2019,0.002173746,11.27162328,0.083541102
C348,1103P,chard,san joaquin,y2019,0.00658806,17.40879333,0.286069567
C367,1103P,chard,madera,y2019,0.009522034,23.13595765,0.418656132
C367,1103P,chard,madera,y2019,0.009195937,23.1710148,0.429364859
C368,1103P,chard,madera,y2019,0.004815457,15.35616897,0.194715359
C368,1103P,chard,madera,y2019,0.009037011,22.10756218,0.410998691
C369,1103P,chard,madera,y2019,0.011100645,25.09824319,0.492162942
C369,1103P,chard,madera,y2019,0.010843593,24.23201898,0.512097316
C364,1103P,cab,merced,y2019,0.003175555,17.90581957,0.119141671
C364,1103P,cab,merced,y2019,0.007235441,27.62348596,0.292812091
C365,1103P,cab,merced,y2019,0.006425943,27.35573952,0.258180106
C365,1103P,cab,merced,y2019,0.004475921,23.4344937,0.174368382
C366,1103P,cab,merced,y2019,0.003843615,21.57855476,0.146483765
C366,1103P,cab,merced,y2019,0.00717736,26.70364772,0.28989472
C382,1103P,chard,san joaquin,y2019,0.009915618,25.64329776,0.458758186
C382,1103P,chard,san joaquin,y2019,0.011230405,25.27565056,0.538518125
C383,1103P,chard,san joaquin,y2019,0.013458621,27.40420016,0.619714041
C383,1103P,chard,san joaquin,y2019,0.008203985,21.98337722,0.364858542
C384,1103P,chard,san joaquin,y2019,0.010805781,27.67724607,0.494523797
C384,1103P,chard,san joaquin,y2019,0.012046545,26.25510394,0.606479276
C391,1103P,cab,san joaquin,y2019,0.009342633,24.60271959,0.398556129
C391,1103P,cab,san joaquin,y2019,0.00842526,21.98811894,0.36099527
C392,1103P,cab,san joaquin,y2019,0.008665878,21.47878991,0.393790821
C392,1103P,cab,san joaquin,y2019,0.005227925,17.61645968,0.211257246
C393,1103P,cab,san joaquin,y2019,0.007444405,23.04564934,0.308534837
C393,1103P,cab,san joaquin,y2019,0.003560554,15.91404225,0.136227475
C418,1103P,chard,madera,y2019,0.00755453,18.34040793,0.329881072
C418,1103P,chard,madera,y2019,0.00716415,20.00477107,0.313167354
C419,1103P,chard,madera,y2019,0.008666646,21.88791041,0.384766496
C419,1103P,chard,madera,y2019,0.005223086,15.10498548,0.21451614
C420,1103P,chard,madera,y2019,0.010370712,21.78560223,0.481624091
C420,1103P,chard,madera,y2019,0.007716075,21.11185369,0.319744367
C403,1103P,cab,merced,y2019,0.004968599,19.00852271,0.207473436
C403,1103P,cab,merced,y2019,0.003720083,15.12973864,0.154884417
C404,1103P,cab,merced,y2019,0.004585969,17.25057984,0.189239669
C404,1103P,cab,merced,y2019,0.00336,12.64907999,0.137358643
C405,1103P,cab,merced,y2019,0.005988666,20.37912595,0.255386203
C405,1103P,cab,merced,y2019,0.005527434,20.18131801,0.233502686
C423,1103P,cab,san joaquin,y2019,0.008554097,25.42367989,0.406638625
C423,1103P,cab,san joaquin,y2019,0.007929423,23.44919428,0.36064474
C424,1103P,cab,san joaquin,y2019,0.008295157,25.33545199,0.368975835
C424,1103P,cab,san joaquin,y2019,0.007363683,22.2573446,0.326493744
C425,1103P,cab,san joaquin,y2019,0.005874234,18.15385234,0.258272033
C425,1103P,cab,san joaquin,y2019,0.005152876,18.46154128,0.211685396
C429,1103P,chard,san joaquin,y2019,0.011516349,24.65082237,0.550603288
C429,1103P,chard,san joaquin,y2019,0.004752582,14.12628514,0.191269256
C430,1103P,chard,san joaquin,y2019,0.007530946,20.07933706,0.33133506
C430,1103P,chard,san joaquin,y2019,0.009119184,21.94697126,0.42152934
C431,1103P,chard,san joaquin,y2019,0.009977163,20.54574845,0.465129717
C431,1103P,chard,san joaquin,y2019,0.006055594,17.3396483,0.264582625
C456,1103P,chard,madera,y2019,0.007769177,19.09816566,0.334778405
C456,1103P,chard,madera,y2019,0.003957477,13.00548155,0.159984742
C457,1103P,chard,madera,y2019,0.004869084,14.95269221,0.200395958
C457,1103P,chard,madera,y2019,0.003946804,12.97609616,0.161575763
C458,1103P,chard,madera,y2019,0.006987852,18.35447888,0.294927015
C458,1103P,chard,madera,y2019,0.008016905,20.07251051,0.358546264
C441,1103P,cab,merced,y2019,0.004143377,16.10841135,0.166168438
C441,1103P,cab,merced,y2019,0.002091595,10.29949409,0.079899411
C442,1103P,cab,merced,y2019,0.002810923,11.94020513,0.109682036
C442,1103P,cab,merced,y2019,0.00269791,10.8900206,0.10441456
C443,1103P,cab,merced,y2019,0.002287517,9.567861686,0.088027132
C443,1103P,cab,merced,y2019,0.002541969,11.07984431,0.097243883
C465,1103P,chard,san joaquin,y2019,0.0075497,21.70393225,0.36807435
C465,1103P,chard,san joaquin,y2019,0.003041165,12.61679115,0.123704579
C466,1103P,chard,san joaquin,y2019,0.00636806,16.17582879,0.283624657
C466,1103P,chard,san joaquin,y2019,0.006052354,17.6307537,0.272878143
C467,1103P,chard,san joaquin,y2019,0.007119668,21.04525149,0.317288294
C467,1103P,chard,san joaquin,y2019,0.005945131,17.78838205,0.273035167
C477,1103P,cab,san joaquin,y2019,0.007525088,21.59398925,0.322409684
C477,1103P,cab,san joaquin,y2019,0.00690145,19.17225881,0.289049002
C478,1103P,cab,san joaquin,y2019,0.004392577,16.8332138,0.181515538
C478,1103P,cab,san joaquin,y2019,0.004532161,16.46073171,0.190390583
C479,1103P,cab,san joaquin,y2019,0.004462147,16.26452906,0.187809833
C479,1103P,cab,san joaquin,y2019,0.003580819,13.15777885,0.143857582
C480,1103P,cab,merced,y2019,0.005887927,20.17345076,0.24416936
C480,1103P,cab,merced,y2019,0.003477767,13.5558134,0.14284384
C481,1103P,cab,merced,y2019,0.005651493,21.23967085,0.235450377
C481,1103P,cab,merced,y2019,0.003149082,11.96923711,0.12327918
C482,1103P,cab,merced,y2019,0.007472252,21.76606402,0.323927574
C482,1103P,cab,merced,y2019,0.004209038,16.54623834,0.181244897
C495,1103P,chard,madera,y2019,0.007800693,21.45064457,0.329110689
C495,1103P,chard,madera,y2019,0.008068949,18.83010913,0.352028985
C496,1103P,chard,madera,y2019,0.006431927,17.33013035,0.266043108
C496,1103P,chard,madera,y2019,0.006704388,17.88301223,0.291212154
C497,1103P,chard,madera,y2019,0.010254289,23.51795427,0.475025976
C497,1103P,chard,madera,y2019,0.008860784,19.68087352,0.394648689
C531,1103P,cab,merced,y2019,0.002309519,11.48664155,0.087370433
C531,1103P,cab,merced,y2019,0.00264156,11.93459899,0.103409421
C532,1103P,cab,merced,y2019,0.002852444,13.00681821,0.108817113
C532,1103P,cab,merced,y2019,0.001675735,7.948566209,0.061278272
C533,1103P,cab,merced,y2019,0.001435844,6.030743084,0.054264458
C533,1103P,cab,merced,y2019,0.001598506,9.277537365,0.05572852
C534,1103P,chard,madera,y2019,0.00461367,15.70596867,0.191400255
C534,1103P,chard,madera,y2019,0.00513144,15.30039397,0.21172895
C535,1103P,chard,madera,y2019,0.005801148,16.5850107,0.253493643
C535,1103P,chard,madera,y2019,0.008007836,19.43924265,0.36572677
C536,1103P,chard,madera,y2019,0.006439575,17.09614826,0.277216514
C536,1103P,chard,madera,y2019,0.006828495,15.19207325,0.288767362
C507,1103P,cab,san joaquin,y2019,0.008345726,22.19050415,0.36408777
C507,1103P,cab,san joaquin,y2019,0.008614519,24.4332966,0.383772506
C508,1103P,cab,san joaquin,y2019,0.006428808,19.24487154,0.273315195
C508,1103P,cab,san joaquin,y2019,0.008113888,22.65186277,0.354170442
C509,1103P,cab,san joaquin,y2019,0.005491244,17.32393239,0.222437489
C509,1103P,cab,san joaquin,y2019,0.009198482,23.22882129,0.407165611
C513,1103P,chard,san joaquin,y2019,0.011080511,23.47411602,0.535113506
C513,1103P,chard,san joaquin,y2019,0.004101462,9.992093638,0.174654346
C514,1103P,chard,san joaquin,y2019,0.008441417,19.01461631,0.367099206
C514,1103P,chard,san joaquin,y2019,0.008886879,20.34018745,0.390802816
C515,1103P,chard,san joaquin,y2019,0.006554277,16.94249241,0.28515444
C515,1103P,chard,san joaquin,y2019,0.00214432,8.142773113,0.084525954
C549,1103P,chard,san joaquin,y2019,0.006384132,20.19131735,0.258921357
C549,1103P,chard,san joaquin,y2019,0.008267062,21.99429482,0.366166835
C550,1103P,chard,san joaquin,y2019,0.006293867,18.65634346,0.266920007
C550,1103P,chard,san joaquin,y2019,0.004901975,15.08814303,0.203681959
C551,1103P,chard,san joaquin,y2019,0.003015371,13.44707771,0.119493727
C551,1103P,chard,san joaquin,y2019,0.006140791,19.16407223,0.259998809
C558,1103P,cab,san joaquin,y2019,0.006335552,20.05441894,0.275509353
C558,1103P,cab,san joaquin,y2019,0.005644964,18.97567193,0.240582788
C559,1103P,cab,san joaquin,y2019,0.005863886,18.79965439,0.239982891
C559,1103P,cab,san joaquin,y2019,0.002946163,11.70609135,0.11509928
C560,1103P,cab,san joaquin,y2019,0.003006641,12.40714025,0.117040904
C560,1103P,cab,san joaquin,y2019,0.003256362,12.20157403,0.127518812
C570,1103P,cab,merced,y2019,0.005552992,17.35873402,0.223579972
C570,1103P,cab,merced,y2019,0.004968763,17.57568813,0.201287665
C571,1103P,cab,merced,y2019,0.005716423,20.14209421,0.23256799
C571,1103P,cab,merced,y2019,0.005855723,20.3385581,0.23843169
C572,1103P,cab,merced,y2019,0.004207482,16.85673595,0.172444966
C572,1103P,cab,merced,y2019,0.004501783,16.22401402,0.179536845
C585,1103P,chard,madera,y2019,0.005661632,15.45121697,0.205366181
C585,1103P,chard,madera,y2019,0.004770836,11.79177818,0.195954097
C586,1103P,chard,madera,y2019,0.005674833,15.83060472,0.2271586
C586,1103P,chard,madera,y2019,0.005285542,14.80426162,0.2162714
C587,1103P,chard,madera,y2019,0.006358578,16.30363207,0.26393436
C587,1103P,chard,madera,y2019,0.007033173,19.43398075,0.296266877
C591,1103P,cab,san joaquin,y2019,0.006623045,19.07531878,0.313803664
C591,1103P,cab,san joaquin,y2019,0.006784945,19.2866679,0.305117492
C592,1103P,cab,san joaquin,y2019,0.008074104,22.37665415,0.354913208
C592,1103P,cab,san joaquin,y2019,0.006778021,19.05583477,0.307251681
C593,1103P,cab,san joaquin,y2019,0.005357238,19.65941303,0.239655778
C593,1103P,cab,san joaquin,y2019,0.003573192,13.35972056,0.144230381
C600,1103P,chard,san joaquin,y2019,0.010292857,23.0128374,0.459898916
C600,1103P,chard,san joaquin,y2019,0.007164182,19.44653978,0.316394207
C601,1103P,chard,san joaquin,y2019,0.005812846,14.89549214,0.250347416
C601,1103P,chard,san joaquin,y2019,0.009663724,22.98306256,0.438873896
C602,1103P,chard,san joaquin,y2019,0.005109894,13.50015993,0.206599707
C602,1103P,chard,san joaquin,y2019,0.009372522,23.86039484,0.449171816
C609,1103P,cab,merced,y2019,0.003177346,14.17821917,0.124496638
C609,1103P,cab,merced,y2019,0.004418091,15.65351468,0.17980639
C610,1103P,cab,merced,y2019,0.003149687,12.88015746,0.122515334
C610,1103P,cab,merced,y2019,0.005506394,18.79321657,0.235638156
C611,1103P,cab,merced,y2019,0.002871178,11.50918892,0.111946816
C611,1103P,cab,merced,y2019,0.00478832,18.6079723,0.196210419
C624,1103P,chard,madera,y2019,0.006019035,15.25436321,0.240912012
C624,1103P,chard,madera,y2019,0.00614441,16.85822593,0.262699153
C625,1103P,chard,madera,y2019,0.007383095,18.74503634,0.314302424
C625,1103P,chard,madera,y2019,0.007482732,18.63629569,0.328633507
C626,1103P,chard,madera,y2019,0.007329479,18.78279347,0.315565819
C626,1103P,chard,madera,y2019,0.008378476,20.00153806,0.358635734
C7,freedom,chard,san joaquin,y2018,0.006345894,19.71955969,0.243628964
C7,freedom,chard,san joaquin,y2018,0.003647721,14.1497293,0.120862927
C8,freedom,chard,san joaquin,y2018,0.003893947,12.79534366,0.135518937
C8,freedom,chard,san joaquin,y2018,0.00383716,12.67627721,0.134130287
C9,freedom,chard,san joaquin,y2018,0.004292406,14.43204892,0.146316518
C9,freedom,chard,san joaquin,y2018,0.00291436,9.350395744,0.105550808
C10,freedom,cab,san joaquin,y2018,0.002523916,8.6391373,0.079481704
C10,freedom,cab,san joaquin,y2018,0.001860164,7.335935301,0.056888114
C11,freedom,cab,san joaquin,y2018,0.003075092,12.72195629,0.101503954
C11,freedom,cab,san joaquin,y2018,0.002303526,9.607377057,0.073386907
C12,freedom,cab,san joaquin,y2018,0.005198,17.5385634,0.175679332
C12,freedom,cab,san joaquin,y2018,0.004171675,14.51448258,0.141400055
C22,freedom,cab,merced,y2018,0.003644545,14.37777591,0.143323574
C22,freedom,cab,merced,y2018,0.005669792,17.80470249,0.239978463
C23,freedom,cab,merced,y2018,0.004409934,15.80558468,0.181780927
C23,freedom,cab,merced,y2018,0.004865255,17.94133936,0.196659712
C24,freedom,cab,merced,y2018,0.005161718,17.67929304,0.213909575
C24,freedom,cab,merced,y2018,0.005146524,18.3099731,0.209469176
C25,freedom,chard,merced,y2018,0.00614134,19.51311987,0.256106715
C25,freedom,chard,merced,y2018,0.007536123,19.5707279,0.327409019
C26,freedom,chard,merced,y2018,0.004609795,16.8240705,0.19003483
C26,freedom,chard,merced,y2018,0.004565849,13.96302628,0.187373964
C27,freedom,chard,merced,y2018,0.004978367,15.15198176,0.213663271
C27,freedom,chard,merced,y2018,0.006514539,18.93836508,0.281259659
C37,freedom,cab,madera,y2018,0.003873169,16.47849055,0.149311068
C37,freedom,cab,madera,y2018,0.002750573,12.74166318,0.104438672
C38,freedom,cab,madera,y2018,0.003993387,15.65667903,0.157723496
C38,freedom,cab,madera,y2018,0.002626892,12.51304374,0.100671517
C39,freedom,cab,madera,y2018,0.004561611,17.87619595,0.183540582
C39,freedom,cab,madera,y2018,0.003714088,15.81556076,0.144873574
C40,freedom,chard,madera,y2018,0.007760224,21.96018914,0.339075911
C40,freedom,chard,madera,y2018,0.008450665,21.77336662,0.373703475
C41,freedom,chard,madera,y2018,0.008365549,21.86015237,0.385213719
C41,freedom,chard,madera,y2018,0.009680353,23.11668668,0.449404809
C42,freedom,chard,madera,y2018,0.007671542,18.51313734,0.338249464
C42,freedom,chard,madera,y2018,0.008064722,18.40293524,0.346812876
C49,freedom,cab,san joaquin,y2018,0.002687128,12.08014049,0.106161548
C49,freedom,cab,san joaquin,y2018,0.003750722,14.62522393,0.15056271
C50,freedom,cab,san joaquin,y2018,0.005224169,18.01859751,0.216609078
C50,freedom,cab,san joaquin,y2018,0.003988384,15.74411761,0.164147105
C51,freedom,cab,san joaquin,y2018,0.003670446,14.07503503,0.150393112
C51,freedom,cab,san joaquin,y2018,0.0025163,11.63476961,0.098066517
C58,freedom,chard,san joaquin,y2018,0.003770092,15.91548854,0.15139031
C58,freedom,chard,san joaquin,y2018,0.003403297,14.02649588,0.135040496
C59,freedom,chard,san joaquin,y2018,0.004747513,17.01664602,0.199257721
C59,freedom,chard,san joaquin,y2018,0.00277875,11.50719456,0.108721247
C60,freedom,chard,san joaquin,y2018,0.001669938,8.664736627,0.063737056
C60,freedom,chard,san joaquin,y2018,0.002795673,12.14831485,0.109872396
C61,freedom,cab,merced,y2018,0.006562313,19.73308718,0.282332653
C61,freedom,cab,merced,y2018,0.006440896,19.47039905,0.280462596
C62,freedom,cab,merced,y2018,0.004630745,14.49004584,0.191766472
C62,freedom,cab,merced,y2018,0.005267589,14.95839251,0.216901449
C63,freedom,cab,merced,y2018,0.007125858,21.24263664,0.302172037
C63,freedom,cab,merced,y2018,0.00329392,12.7513207,0.133512731
C64,freedom,chard,merced,y2018,0.011391087,22.26972399,0.528032151
C64,freedom,chard,merced,y2018,0.008769459,21.00082374,0.390072066
C65,freedom,chard,merced,y2018,0.008992805,22.21725604,0.389923861
C65,freedom,chard,merced,y2018,0.007019847,20.17040166,0.294252607
C66,freedom,chard,merced,y2018,0.010618333,24.72862337,0.494134155
C66,freedom,chard,merced,y2018,0.008770157,22.15429683,0.389921342
C76,freedom,cab,madera,y2018,0.006265018,19.61076873,0.24723146
C76,freedom,cab,madera,y2018,0.006752731,16.93152062,0.282056242
C77,freedom,cab,madera,y2018,0.006968124,22.24036333,0.297047192
C77,freedom,cab,madera,y2018,0.004472162,17.12575807,0.175736386
C78,freedom,cab,madera,y2018,0.005438763,18.90015999,0.221181751
C78,freedom,cab,madera,y2018,0.003548731,14.54931562,0.14133746
C79,freedom,chard,madera,y2018,0.00800377,19.00555687,0.340259454
C79,freedom,chard,madera,y2018,0.007914961,20.51964954,0.34344461
C80,freedom,chard,madera,y2018,0.006844028,19.25172914,0.285133557
C80,freedom,chard,madera,y2018,0.007862565,18.52457913,0.328694942
C81,freedom,chard,madera,y2018,0.007855278,18.61812399,0.342718939
C81,freedom,chard,madera,y2018,0.01219005,24.20385212,0.576501579
C91,freedom,chard,san joaquin,y2018,0.005982124,16.32743476,0.249882671
C91,freedom,chard,san joaquin,y2018,0.004468494,12.82142371,0.18239571
C92,freedom,chard,san joaquin,y2018,0.007773954,20.04590016,0.340100443
C92,freedom,chard,san joaquin,y2018,0.005166783,15.44204213,0.209449388
C93,freedom,chard,san joaquin,y2018,0.003004789,10.22424677,0.116223532
C93,freedom,chard,san joaquin,y2018,0.004510165,13.06026189,0.17976676
C100,freedom,cab,san joaquin,y2018,0.00150468,7.133118454,0.055265952
C100,freedom,cab,san joaquin,y2018,0.001895342,8.640984447,0.070641937
C101,freedom,cab,san joaquin,y2018,0.003389651,14.11814079,0.131272349
C101,freedom,cab,san joaquin,y2018,0.001998142,9.31589252,0.074834498
C102,freedom,cab,san joaquin,y2018,0.004790269,17.08596109,0.190877718
C102,freedom,cab,san joaquin,y2018,0.002216583,10.52253449,0.082280632
C103,freedom,chard,merced,y2018,0.003021331,10.92138929,0.11562075
C103,freedom,chard,merced,y2018,0.003106388,9.180973871,0.119790142
C104,freedom,chard,merced,y2018,0.00748694,19.87004922,0.318927692
C104,freedom,chard,merced,y2018,0.00611428,17.87963924,0.251235266
C105,freedom,chard,merced,y2018,0.004205878,12.48808397,0.162608179
C105,freedom,chard,merced,y2018,0.004072042,13.45837654,0.161379968
C112,freedom,cab,merced,y2018,0.004123584,12.51130957,0.115976999
C112,freedom,cab,merced,y2018,0.003830597,12.15051302,0.113436861
C113,freedom,cab,merced,y2018,0.001996759,6.641423855,0.056755423
C113,freedom,cab,merced,y2018,0.003879754,12.10007232,0.115264784
C114,freedom,cab,merced,y2018,0.002590588,7.153745572,0.079743027
C114,freedom,cab,merced,y2018,0.002911965,8.691699668,0.089391205
C115,freedom,cab,madera,y2018,0.008902751,24.13339459,0.39879955
C115,freedom,cab,madera,y2018,0.00870711,21.72038494,0.369596528
C116,freedom,cab,madera,y2018,0.00954623,24.96712268,0.430354138
C116,freedom,cab,madera,y2018,0.008911255,22.61663519,0.391818165
C117,freedom,cab,madera,y2018,0.008650107,20.39440815,0.372588514
C117,freedom,cab,madera,y2018,0.01005139,23.65847289,0.461869538
C118,freedom,chard,madera,y2018,0.008830069,21.71939572,0.378956026
C118,freedom,chard,madera,y2018,0.009477747,21.72927313,0.42278328
C119,freedom,chard,madera,y2018,0.006700344,18.69254254,0.283113289
C119,freedom,chard,madera,y2018,0.00827662,22.16947806,0.357345142
C120,freedom,chard,madera,y2018,0.009480857,19.39105065,0.426613289
C120,freedom,chard,madera,y2018,0.009633702,19.39882668,0.435814228
C133,freedom,cab,san joaquin,y2018,0.003252279,15.0448491,0.121861671
C133,freedom,cab,san joaquin,y2018,0.002083693,9.323113396,0.075426799
C134,freedom,cab,san joaquin,y2018,0.002874062,11.68331871,0.102155757
C134,freedom,cab,san joaquin,y2018,0.001059639,5.481872463,0.0366662
C135,freedom,cab,san joaquin,y2018,0.001684628,8.851329944,0.059256879
C135,freedom,cab,san joaquin,y2018,0.001054305,5.257611822,0.036232282
C142,freedom,chard,san joaquin,y2018,0.002718267,9.807949911,0.074296969
C142,freedom,chard,san joaquin,y2018,0.002365227,7.748332597,0.061439763
C143,freedom,chard,san joaquin,y2018,0.004497601,13.71603268,0.127868407
C143,freedom,chard,san joaquin,y2018,0.004208323,11.76493421,0.121587701
C144,freedom,chard,san joaquin,y2018,0.002409491,7.64883866,0.06151966
C144,freedom,chard,san joaquin,y2018,0.002709846,8.273266003,0.069655983
C151,freedom,cab,merced,y2018,0.005508688,18.81669154,0.216231444
C151,freedom,cab,merced,y2018,0.005554138,19.96868913,0.221345023
C152,freedom,cab,merced,y2018,0.005875364,18.18157097,0.225395964
C152,freedom,cab,merced,y2018,0.006029911,18.77175416,0.24697892
C153,freedom,cab,merced,y2018,0.004181501,14.73084517,0.141755308
C153,freedom,cab,merced,y2018,0.004109187,13.89221062,0.144347841
C154,freedom,chard,merced,y2018,0.006230386,17.81686874,0.261240018
C154,freedom,chard,merced,y2018,0.00564554,17.94069182,0.231691819
C155,freedom,chard,merced,y2018,0.012679813,26.39260626,0.583597418
C155,freedom,chard,merced,y2018,0.010438503,22.6222838,0.40653201
C156,freedom,chard,merced,y2018,0.009058731,18.72642137,0.411547743
C156,freedom,chard,merced,y2018,0.004875625,15.37506111,0.180204191
C157,freedom,chard,madera,y2018,0.005975953,15.11838541,0.201790025
C157,freedom,chard,madera,y2018,0.011021574,23.87261047,0.460832083
C158,freedom,chard,madera,y2018,0.00635249,15.13744516,0.215954157
C158,freedom,chard,madera,y2018,0.00326657,9.055668119,0.091572926
C159,freedom,chard,madera,y2018,0.007752636,16.61610819,0.264739632
C159,freedom,chard,madera,y2018,0.005907031,15.89680545,0.206801171
C166,freedom,cab,madera,y2018,0.004546571,14.49647626,0.125607354
C166,freedom,cab,madera,y2018,0.004314723,13.42050903,0.123897545
C167,freedom,cab,madera,y2018,0.004097242,13.80434126,0.134838017
C167,freedom,cab,madera,y2018,0.0043531,12.65478187,0.136864303
C168,freedom,cab,madera,y2018,0.00509212,16.05719098,0.164580943
C168,freedom,cab,madera,y2018,0.003240107,11.10148223,0.095885184
C175,freedom,chard,san joaquin,y2018,0.005892191,17.26675288,0.235569554
C175,freedom,chard,san joaquin,y2018,0.003762188,13.39460896,0.145936064
C176,freedom,chard,san joaquin,y2018,0.001522182,6.315226326,0.054393209
C176,freedom,chard,san joaquin,y2018,0.004725515,15.62805378,0.188440621
C177,freedom,chard,san joaquin,y2018,0.005302903,18.02604087,0.212613474
C177,freedom,chard,san joaquin,y2018,0.0048971,15.91644777,0.19678646
C178,freedom,cab,san joaquin,y2018,0.001542872,9.514582159,0.056156724
C178,freedom,cab,san joaquin,y2018,0.002549293,11.98265182,0.094377388
C179,freedom,cab,san joaquin,y2018,0.000505962,2.449436163,0.017489347
C179,freedom,cab,san joaquin,y2018,0.00061079,3.517573629,0.021859101
C180,freedom,cab,san joaquin,y2018,0.001513474,8.927776607,0.058124633
C180,freedom,cab,san joaquin,y2018,0.000940367,5.964572452,0.033559197
C190,freedom,cab,merced,y2018,0.009212157,24.37866247,0.373511257
C190,freedom,cab,merced,y2018,0.00539364,18.30557235,0.20814193
C191,freedom,cab,merced,y2018,0.004679451,16.54895851,0.179654934
C191,freedom,cab,merced,y2018,0.005913916,19.11970871,0.232840861
C192,freedom,cab,merced,y2018,0.004637434,16.81345795,0.180295916
C192,freedom,cab,merced,y2018,0.004816295,17.04558377,0.199881983
C193,freedom,chard,merced,y2018,0.003669613,11.13807697,0.137421508
C193,freedom,chard,merced,y2018,0.004304665,14.9659267,0.160381638
C194,freedom,chard,merced,y2018,0.00288142,11.94987472,0.097831043
C194,freedom,chard,merced,y2018,0.004803603,15.63440583,0.186526197
C195,freedom,chard,merced,y2018,0.004034142,14.88972692,0.137835486
C195,freedom,chard,merced,y2018,0.004789678,14.93386452,0.184894135
C205,freedom,cab,madera,y2018,0.009898289,23.42683495,0.415874839
C205,freedom,cab,madera,y2018,0.009329294,22.13609275,0.378011504
C206,freedom,cab,madera,y2018,0.007330785,19.06121366,0.278040758
C206,freedom,cab,madera,y2018,0.008530832,22.48724915,0.352800137
C207,freedom,cab,madera,y2018,0.00509188,18.72001865,0.18351055
C207,freedom,cab,madera,y2018,0.006901548,19.19222865,0.27780476
C208,freedom,chard,madera,y2018,0.012110058,17.91298043,0.483118385
C208,freedom,chard,madera,y2018,0.012449348,23.15147233,0.574949744
C209,freedom,chard,madera,y2018,0.007146386,19.18818237,0.289191837
C209,freedom,chard,madera,y2018,0.008812262,19.31647316,0.375858139
C210,freedom,chard,madera,y2018,0.01138734,21.55542622,0.501289382
C210,freedom,chard,madera,y2018,0.012568545,23.73257556,0.562676129
C217,freedom,cab,san joaquin,y2018,0.000740619,4.184440098,0.027804774
C217,freedom,cab,san joaquin,y2018,0.000451779,5.03804748,0.016824249
C218,freedom,cab,san joaquin,y2018,0.00664755,19.19054487,0.272101421
C218,freedom,cab,san joaquin,y2018,0.006144977,17.64302123,0.254937273
C219,freedom,cab,san joaquin,y2018,0.004509409,17.09072177,0.189783676
C219,freedom,cab,san joaquin,y2018,0.004317625,15.76383244,0.176129705
C226,freedom,chard,san joaquin,y2018,0.003706616,14.51967355,0.146730659
C226,freedom,chard,san joaquin,y2018,0.003001972,10.92803372,0.116030433
C227,freedom,chard,san joaquin,y2018,0.002311165,9.065946019,0.088427709
C227,freedom,chard,san joaquin,y2018,0.001590076,6.680453755,0.056301215
C228,freedom,chard,san joaquin,y2018,0.003636561,13.66981381,0.133348359
C228,freedom,chard,san joaquin,y2018,0.006042429,18.19028305,0.255021841
C229,freedom,cab,merced,y2018,0.003823633,11.06819178,0.131195458
C229,freedom,cab,merced,y2018,0.003112261,11.33364989,0.107667379
C230,freedom,cab,merced,y2018,0.003734953,13.05768789,0.128110883
C230,freedom,cab,merced,y2018,0.003990016,13.3416093,0.136439135
C231,freedom,cab,merced,y2018,0.003912862,12.74208063,0.13581206
C231,freedom,cab,merced,y2018,0.003587992,11.87608338,0.11984023
C232,freedom,chard,merced,y2018,0.003682375,14.44104388,0.142708365
C232,freedom,chard,merced,y2018,0.003149159,11.57176028,0.120369098
C233,freedom,chard,merced,y2018,0.004414699,16.87286284,0.173635181
C233,freedom,chard,merced,y2018,0.006273954,18.40297082,0.26030305
C234,freedom,chard,merced,y2018,0.004925105,17.54800892,0.196633609
C234,freedom,chard,merced,y2018,0.003625653,13.47821979,0.14297012
C244,freedom,cab,madera,y2018,0.006596786,21.58481555,0.271133109
C244,freedom,cab,madera,y2018,0.005162157,17.77576648,0.208697183
C245,freedom,cab,madera,y2018,0.007446453,22.23489446,0.32382321
C245,freedom,cab,madera,y2018,0.006669701,19.46370166,0.282550703
C246,freedom,cab,madera,y2018,0.004931273,16.52098759,0.192032224
C246,freedom,cab,madera,y2018,0.005708607,18.65622606,0.233155358
C247,freedom,chard,madera,y2018,0.006730914,19.3017821,0.280630653
C247,freedom,chard,madera,y2018,0.004351563,12.39027217,0.170974894
C248,freedom,chard,madera,y2018,0.006957023,18.28478761,0.283934759
C248,freedom,chard,madera,y2018,0.006716632,18.20558606,0.287721908
C249,freedom,chard,madera,y2018,0.007459132,19.54151095,0.321537935
C249,freedom,chard,madera,y2018,0.008387604,20.6158108,0.362900098
C259,freedom,chard,san joaquin,y2018,0.002473909,10.12735159,0.097181658
C259,freedom,chard,san joaquin,y2018,0.00229962,8.490904932,0.09210068
C260,freedom,chard,san joaquin,y2018,0.001636849,7.60387245,0.062315192
C260,freedom,chard,san joaquin,y2018,0.001443876,9.070427739,0.055324093
C261,freedom,chard,san joaquin,y2018,0.000956343,5.936847529,0.036134415
C261,freedom,chard,san joaquin,y2018,0.001111353,6.842883156,0.043647662
C268,freedom,cab,san joaquin,y2018,0.001573494,7.845117981,0.060025686
C268,freedom,cab,san joaquin,y2018,0.000712195,6.311610613,0.027109221
C269,freedom,cab,san joaquin,y2018,0.002480291,12.6061554,0.095400006
C269,freedom,cab,san joaquin,y2018,0.001823819,7.988206143,0.072439096
C270,freedom,cab,san joaquin,y2018,0.003534006,13.01954631,0.14105059
C270,freedom,cab,san joaquin,y2018,0.004140981,16.98860715,0.156452892
C271,freedom,chard,merced,y2018,0.00650373,17.57647887,0.270411618
C271,freedom,chard,merced,y2018,0.010958285,22.81608978,0.497792199
C272,freedom,chard,merced,y2018,0.009275025,22.54788018,0.395211207
C272,freedom,chard,merced,y2018,0.008558538,19.81130125,0.365644535
C273,freedom,chard,merced,y2018,0.009972889,23.73811263,0.439789876
C273,freedom,chard,merced,y2018,0.011049867,23.50369658,0.497021931
C280,freedom,cab,merced,y2018,0.004420102,14.66886414,0.162111875
C280,freedom,cab,merced,y2018,0.003859543,13.11800224,0.130890668
C281,freedom,cab,merced,y2018,0.003258967,11.0241572,0.116169707
C281,freedom,cab,merced,y2018,0.00378917,13.20991544,0.137474751
C282,freedom,cab,merced,y2018,0.003838944,13.15734317,0.137778368
C282,freedom,cab,merced,y2018,0.00416362,12.41536897,0.149783601
C283,freedom,cab,madera,y2018,0.005707336,19.14138248,0.229691874
C283,freedom,cab,madera,y2018,0.005605593,17.0341963,0.226107893
C284,freedom,cab,madera,y2018,0.004888792,17.50592784,0.189907231
C284,freedom,cab,madera,y2018,0.005406703,18.28892062,0.225582993
C285,freedom,cab,madera,y2018,0.006189994,17.2999214,0.264927147
C285,freedom,cab,madera,y2018,0.005055741,16.24883939,0.19780087
C286,freedom,chard,madera,y2018,0.006810732,17.19532965,0.291874676
C286,freedom,chard,madera,y2018,0.007425139,15.0165793,0.324207683
C287,freedom,chard,madera,y2018,0.005854595,17.4594547,0.244596867
C287,freedom,chard,madera,y2018,0.005627645,18.62563505,0.240969769
C288,freedom,chard,madera,y2018,0.005745724,17.51900228,0.236556178
C288,freedom,chard,madera,y2018,0.005492818,16.78582384,0.229641818
C301,freedom,cab,san joaquin,y2018,0.00096697,4.097166969,0.034073262
C301,freedom,cab,san joaquin,y2018,0.002010257,10.20116439,0.075995404
C302,freedom,cab,san joaquin,y2018,0.002530673,11.79914944,0.099027491
C302,freedom,cab,san joaquin,y2018,0.002086845,9.134685225,0.077585079
C303,freedom,cab,san joaquin,y2018,0.001331476,6.45576061,0.046059252
C303,freedom,cab,san joaquin,y2018,0.001071657,4.652765668,0.037457668
C310,freedom,chard,san joaquin,y2018,0.002154992,6.663890211,0.063423354
C310,freedom,chard,san joaquin,y2018,0.00253995,7.359570433,0.079726099
C311,freedom,chard,san joaquin,y2018,0.001760251,5.697248711,0.05439136
C311,freedom,chard,san joaquin,y2018,0.001153436,3.415055161,0.03394792
C312,freedom,chard,san joaquin,y2018,0.001197005,3.935632441,0.03244504
C312,freedom,chard,san joaquin,y2018,0.001688028,5.421222559,0.050705048
C319,freedom,cab,merced,y2018,0.004784131,15.82433675,0.200183291
C319,freedom,cab,merced,y2018,0.004440539,15.24402877,0.176972393
C320,freedom,cab,merced,y2018,0.004132942,14.50316142,0.165460255
C320,freedom,cab,merced,y2018,0.003993751,15.00111608,0.153428183
C321,freedom,cab,merced,y2018,0.003257519,11.20227956,0.113993795
C321,freedom,cab,merced,y2018,0.005107496,15.08995067,0.192172947
C322,freedom,chard,merced,y2018,0.008111762,18.66001086,0.346052338
C322,freedom,chard,merced,y2018,0.008598055,19.03920866,0.388429585
C323,freedom,chard,merced,y2018,0.010467786,22.97552834,0.466459188
C323,freedom,chard,merced,y2018,0.012409506,22.59777487,0.572157451
C324,freedom,chard,merced,y2018,0.007185947,18.33515451,0.317656472
C324,freedom,chard,merced,y2018,0.005273802,16.1952115,0.228479684
C325,freedom,chard,madera,y2018,0.005671505,17.90520555,0.242022758
C325,freedom,chard,madera,y2018,0.005561365,18.66316055,0.228173077
C326,freedom,chard,madera,y2018,0.00646503,18.39089811,0.276533967
C326,freedom,chard,madera,y2018,0.008475118,19.65306297,0.383686158
C327,freedom,chard,madera,y2018,0.005568914,17.21024607,0.235342967
C327,freedom,chard,madera,y2018,0.005828263,17.40318477,0.249577961
C334,freedom,cab,madera,y2018,0.005779725,16.20396969,0.232570575
C334,freedom,cab,madera,y2018,0.005362827,16.89079375,0.221174253
C335,freedom,cab,madera,y2018,0.006043453,17.99542483,0.248391159
C335,freedom,cab,madera,y2018,0.004732012,16.37942591,0.181890618
C336,freedom,cab,madera,y2018,0.002165212,8.738574049,0.084510734
C336,freedom,cab,madera,y2018,0.001406073,6.121633798,0.053733874
C343,freedom,cab,san joaquin,y2019,0.005869137,17.79433823,0.237074569
C343,freedom,cab,san joaquin,y2019,0.007044737,19.63088507,0.295229565
C344,freedom,cab,san joaquin,y2019,0.006365801,21.35431724,0.256846457
C344,freedom,cab,san joaquin,y2019,0.00720715,21.60627243,0.301740786
C345,freedom,cab,san joaquin,y2019,0.003816322,15.67903372,0.149277341
C345,freedom,cab,san joaquin,y2019,0.006150629,21.08962568,0.248307812
C352,freedom,chard,san joaquin,y2019,0.009197269,20.51597773,0.393952078
C352,freedom,chard,san joaquin,y2019,0.01056546,21.69352384,0.469377212
C353,freedom,chard,san joaquin,y2019,0.004437008,14.48745801,0.174462774
C353,freedom,chard,san joaquin,y2019,0.005676266,18.4821584,0.227812512
C354,freedom,chard,san joaquin,y2019,0.006846181,19.33843679,0.288655848
C354,freedom,chard,san joaquin,y2019,0.004981561,15.01218354,0.193102054
C370,freedom,cab,madera,y2019,0.00840352,23.31535041,0.369781759
C370,freedom,cab,madera,y2019,0.00887076,23.48871989,0.385897723
C371,freedom,cab,madera,y2019,0.008473042,22.25379744,0.376536563
C371,freedom,cab,madera,y2019,0.008050385,21.29176386,0.338296588
C372,freedom,cab,madera,y2019,0.009973492,22.11138024,0.445693265
C372,freedom,cab,madera,y2019,0.009234592,24.55785539,0.398688043
C373,freedom,chard,madera,y2019,0.01175712,24.78012584,0.52608064
C373,freedom,chard,madera,y2019,0.008539814,21.05989005,0.357707701
C374,freedom,chard,madera,y2019,0.012284042,25.79740882,0.599790152
C374,freedom,chard,madera,y2019,0.004276002,11.00794804,0.168993515
C375,freedom,chard,madera,y2019,0.00906146,18.75784022,0.393704519
C375,freedom,chard,madera,y2019,0.00940824,20.61514108,0.41603054
C356,freedom,cab,merced,y2019,0.005328673,19.30085586,0.221948792
C356,freedom,cab,merced,y2019,0.0064072,23.19746349,0.269954232
C357,freedom,cab,merced,y2019,0.005924667,21.72740983,0.245543014
C357,freedom,cab,merced,y2019,0.007043991,19.53677832,0.300642906
C355,freedom,cab,merced,y2019,0.005227142,14.47881719,0.217828406
C355,freedom,cab,merced,y2019,0.010715892,26.33095573,0.498830958
C358,freedom,chard,merced,y2019,0.007521206,18.440899,0.318772661
C358,freedom,chard,merced,y2019,0.004895766,13.25849501,0.199170085
C359,freedom,chard,merced,y2019,0.004205296,10.2280572,0.167189173
C359,freedom,chard,merced,y2019,0.004101242,12.29106281,0.161538775
C360,freedom,chard,merced,y2019,0.005302361,15.9071353,0.216803339
C360,freedom,chard,merced,y2019,0.004182839,11.4985368,0.168773194
C385,freedom,chard,san joaquin,y2019,0.00719144,20.24980617,0.312092007
C385,freedom,chard,san joaquin,y2019,0.005566684,17.36001581,0.225426327
C386,freedom,chard,san joaquin,y2019,0.011384326,24.43760656,0.529419104
C386,freedom,chard,san joaquin,y2019,0.010560147,26.34266196,0.496018431
C387,freedom,chard,san joaquin,y2019,0.006780189,21.83070193,0.291889823
C387,freedom,chard,san joaquin,y2019,0.006089426,20.79792021,0.250867296
C394,freedom,cab,san joaquin,y2019,0.002796068,13.1688751,0.107590191
C394,freedom,cab,san joaquin,y2019,0.002158038,11.24853228,0.082176452
C395,freedom,cab,san joaquin,y2019,0.006487192,21.51302765,0.268405141
C395,freedom,cab,san joaquin,y2019,0.001667044,8.803689916,0.061912661
C396,freedom,cab,san joaquin,y2019,0.002343188,10.14318745,0.089284728
C396,freedom,cab,san joaquin,y2019,0.002418284,11.56594375,0.088681643
C409,freedom,cab,madera,y2019,0.005129725,20.47680269,0.211018334
C409,freedom,cab,madera,y2019,0.005669644,20.65139115,0.23239318
C410,freedom,cab,madera,y2019,0.005782313,21.59115615,0.241900482
C410,freedom,cab,madera,y2019,0.006569378,20.38936011,0.285394016
C411,freedom,cab,madera,y2019,0.004971552,19.01202582,0.206705113
C411,freedom,cab,madera,y2019,0.005174348,19.06477056,0.225934286
C412,freedom,chard,madera,y2019,0.003699216,12.60352527,0.150386956
C412,freedom,chard,madera,y2019,0.002975027,10.13209509,0.122989467
C413,freedom,chard,madera,y2019,0.004984859,14.97549658,0.20633674
C413,freedom,chard,madera,y2019,0.005375101,16.33702019,0.219341858
C414,freedom,chard,madera,y2019,0.005044056,14.03841413,0.204474579
C414,freedom,chard,madera,y2019,0.004606884,13.83624721,0.183501335
C406,freedom,cab,merced,y2019,0.004548912,14.57980477,0.185330558
C406,freedom,cab,merced,y2019,0.004257504,11.66565055,0.175079455
C407,freedom,cab,merced,y2019,0.004172064,10.33545794,0.170659368
C407,freedom,cab,merced,y2019,0.004644892,12.83051714,0.188530877
C408,freedom,cab,merced,y2019,0.005484201,15.15509809,0.224176802
C408,freedom,cab,merced,y2019,0.004102972,11.02677838,0.168238782
C397,freedom,chard,merced,y2019,0.007969764,18.75917239,0.345500355
C397,freedom,chard,merced,y2019,0.004762479,11.50368119,0.191812393
C398,freedom,chard,merced,y2019,0.005214198,12.01262633,0.221434595
C398,freedom,chard,merced,y2019,0.004039872,10.68047515,0.161617676
C399,freedom,chard,merced,y2019,0.004898599,10.66358785,0.195834562
C399,freedom,chard,merced,y2019,0.004282363,10.77189121,0.167790687
C426,freedom,cab,san joaquin,y2019,0.006945505,21.0093168,0.308155648
C426,freedom,cab,san joaquin,y2019,0.005509578,19.43683048,0.222930254
C427,freedom,cab,san joaquin,y2019,0.005456833,17.75267064,0.225427944
C427,freedom,cab,san joaquin,y2019,0.005285726,17.89377681,0.222043955
C428,freedom,cab,san joaquin,y2019,0.005351246,17.02095896,0.222870328
C428,freedom,cab,san joaquin,y2019,0.008149611,20.87537477,0.365520974
C435,freedom,chard,san joaquin,y2019,0.011514542,25.88643537,0.531964328
C435,freedom,chard,san joaquin,y2019,0.007606826,17.9295412,0.337974903
C436,freedom,chard,san joaquin,y2019,0.006715917,17.66863402,0.292637395
C436,freedom,chard,san joaquin,y2019,0.004807687,12.50601218,0.196717514
C437,freedom,chard,san joaquin,y2019,0.006609652,16.78172475,0.27925428
C437,freedom,chard,san joaquin,y2019,0.005267152,15.89317483,0.21607482
C450,freedom,chard,madera,y2019,0.006834969,19.61959353,0.301126577
C450,freedom,chard,madera,y2019,0.009384251,22.95756036,0.450045495
C451,freedom,chard,madera,y2019,0.005476784,16.2836134,0.23585616
C451,freedom,chard,madera,y2019,0.006111155,17.19979565,0.249947559
C452,freedom,chard,madera,y2019,0.007062444,16.92306081,0.301553943
C452,freedom,chard,madera,y2019,0.006644163,18.38259466,0.282439471
C459,freedom,cab,madera,y2019,0.005544171,17.64874775,0.221980365
C459,freedom,cab,madera,y2019,0.00312525,12.46886288,0.120593186
C460,freedom,cab,madera,y2019,0.006997911,22.57731081,0.284645037
C460,freedom,cab,madera,y2019,0.006116983,21.55019161,0.241388446
C461,freedom,cab,madera,y2019,0.006835777,22.19215434,0.286728036
C461,freedom,cab,madera,y2019,0.005207945,19.72053448,0.210386263
C444,freedom,cab,merced,y2019,0.002679219,9.69291493,0.107539833
C444,freedom,cab,merced,y2019,0.003270335,12.03091522,0.130620867
C445,freedom,cab,merced,y2019,0.003032826,9.42169159,0.121503181
C445,freedom,cab,merced,y2019,0.005493725,15.57530224,0.239357036
C446,freedom,cab,merced,y2019,0.002460507,8.879190628,0.101809917
C446,freedom,cab,merced,y2019,0.002790173,9.852394302,0.109202314
C468,freedom,chard,san joaquin,y2019,0.003265313,12.3026398,0.142371741
C468,freedom,chard,san joaquin,y2019,0.002681588,10.93465981,0.110954807
C469,freedom,chard,san joaquin,y2019,0.005039482,16.39858138,0.221557845
C469,freedom,chard,san joaquin,y2019,0.00443555,15.65967422,0.18907987
C470,freedom,chard,san joaquin,y2019,0.008579336,20.43139323,0.388660983
C470,freedom,chard,san joaquin,y2019,0.002865828,12.77233089,0.111596592
C471,freedom,cab,san joaquin,y2019,0.005606786,20.05898041,0.245526183
C471,freedom,cab,san joaquin,y2019,0.005947477,19.88940729,0.252106549
C472,freedom,cab,san joaquin,y2019,0.003189447,13.09196483,0.125362372
C472,freedom,cab,san joaquin,y2019,0.002166416,8.950455278,0.086807141
C473,freedom,cab,san joaquin,y2019,0.002413178,10.9152974,0.09549508
C473,freedom,cab,san joaquin,y2019,0.003240772,13.68589468,0.12794405
C483,freedom,cab,merced,y2019,0.003963913,11.94206248,0.157761201
C483,freedom,cab,merced,y2019,0.004124464,13.14102595,0.172164545
C484,freedom,cab,merced,y2019,0.004400928,15.9006835,0.177181213
C484,freedom,cab,merced,y2019,0.005054329,14.96961236,0.207432345
C485,freedom,cab,merced,y2019,0.005797751,19.80158904,0.239197163
C485,freedom,cab,merced,y2019,0.004514169,15.29973346,0.185554801
C486,freedom,chard,merced,y2019,0.005347921,15.73519113,0.220083477
C486,freedom,chard,merced,y2019,0.006626091,18.8091939,0.273380594
C487,freedom,chard,merced,y2019,0.006762792,19.29914829,0.280693026
C487,freedom,chard,merced,y2019,0.004977668,14.42173399,0.207969725
C488,freedom,chard,merced,y2019,0.006132033,18.10331305,0.251601414
C488,freedom,chard,merced,y2019,0.006832514,20.59721191,0.292675563
C498,freedom,cab,madera,y2019,0.005032116,17.32759761,0.177734946
C498,freedom,cab,madera,y2019,0.006231004,18.9872823,0.252072084
C499,freedom,cab,madera,y2019,0.002729569,11.7898511,0.108261729
C499,freedom,cab,madera,y2019,0.003693318,14.81190316,0.143569335
C500,freedom,cab,madera,y2019,0.006558494,21.58098999,0.280047611
C500,freedom,cab,madera,y2019,0.006913177,21.9045813,0.286872898
C501,freedom,chard,madera,y2019,0.00925189,19.37917894,0.382691299
C501,freedom,chard,madera,y2019,0.007326051,17.96334116,0.307941771
C502,freedom,chard,madera,y2019,0.008283275,20.52092385,0.351102873
C502,freedom,chard,madera,y2019,0.007981535,18.69317175,0.339430016
C503,freedom,chard,madera,y2019,0.010051852,23.19236667,0.451646573
C503,freedom,chard,madera,y2019,0.007279138,19.41000177,0.314206928
C522,freedom,cab,merced,y2019,0.00274574,10.44936532,0.10350474
C522,freedom,cab,merced,y2019,0.002982991,11.60907396,0.116034513
C523,freedom,cab,merced,y2019,0.002329947,10.14958486,0.090664536
C523,freedom,cab,merced,y2019,0.003399582,13.10848353,0.134907965
C524,freedom,cab,merced,y2019,0.002340264,9.225383088,0.088625314
C524,freedom,cab,merced,y2019,0.002496027,9.967516521,0.098486563
C525,freedom,chard,merced,y2019,0.005962161,19.07280012,0.247813102
C525,freedom,chard,merced,y2019,0.005890051,16.37957265,0.255528361
C526,freedom,chard,merced,y2019,0.005060031,16.54725617,0.209529519
C526,freedom,chard,merced,y2019,0.006993972,20.22016255,0.290605543
C527,freedom,chard,merced,y2019,0.004917508,14.30983628,0.203046955
C527,freedom,chard,merced,y2019,0.004593739,13.60563016,0.183657313
C537,freedom,cab,madera,y2019,0.006299821,19.75044528,0.263301171
C537,freedom,cab,madera,y2019,0.006002657,20.02430667,0.250517879
C538,freedom,cab,madera,y2019,0.003846084,13.56723829,0.15206584
C538,freedom,cab,madera,y2019,0.003725922,15.66863833,0.146903041
C539,freedom,cab,madera,y2019,0.006185789,18.69034038,0.251367551
C539,freedom,cab,madera,y2019,0.005779218,18.90856354,0.235642508
C540,freedom,chard,madera,y2019,0.00685706,19.44192718,0.290585097
C540,freedom,chard,madera,y2019,0.007911008,19.27958455,0.34380908
C541,freedom,chard,madera,y2019,0.005926798,16.81280917,0.247563236
C541,freedom,chard,madera,y2019,0.009446102,22.40569147,0.400135831
C542,freedom,chard,madera,y2019,0.007366254,17.25361725,0.323545494
C542,freedom,chard,madera,y2019,0.005659241,15.28371574,0.237243202
C510,freedom,cab,san joaquin,y2019,0.00538456,17.20246272,0.218905229
C510,freedom,cab,san joaquin,y2019,0.00298903,12.51138949,0.116847497
C511,freedom,cab,san joaquin,y2019,0.007108486,20.34495404,0.299108591
C511,freedom,cab,san joaquin,y2019,0.004215175,15.41565442,0.177533017
C512,freedom,cab,san joaquin,y2019,0.005043665,14.3766459,0.201730339
C512,freedom,cab,san joaquin,y2019,0.005460124,17.32940908,0.227495466
C519,freedom,chard,san joaquin,y2019,0.005447449,17.39434367,0.221439555
C519,freedom,chard,san joaquin,y2019,0.006017642,18.69937874,0.255490674
C520,freedom,chard,san joaquin,y2019,0.003743595,12.66058314,0.154103269
C520,freedom,chard,san joaquin,y2019,0.007631885,20.55722371,0.325110524
C521,freedom,chard,san joaquin,y2019,0.00477682,16.09381719,0.187999678
C521,freedom,chard,san joaquin,y2019,0.003504971,13.23025338,0.146348642
C552,freedom,chard,san joaquin,y2019,0.003662662,12.95442512,0.14276821
C552,freedom,chard,san joaquin,y2019,0.003162241,11.82390744,0.125782262
C553,freedom,chard,san joaquin,y2019,0.007663895,21.53456468,0.329155329
C553,freedom,chard,san joaquin,y2019,0.003894113,14.53325918,0.16327799
C554,freedom,chard,san joaquin,y2019,0.004782231,17.40698969,0.208008409
C554,freedom,chard,san joaquin,y2019,0.003195331,13.19079782,0.127107146
C561,freedom,cab,san joaquin,y2019,0.002521308,10.56637442,0.098230231
C561,freedom,cab,san joaquin,y2019,0.003453868,13.64276026,0.137833439
C562,freedom,cab,san joaquin,y2019,0.002694389,12.5922559,0.103832516
C562,freedom,cab,san joaquin,y2019,0.002870629,13.06332808,0.111982293
C563,freedom,cab,san joaquin,y2019,0.005639663,18.07333537,0.240094165
C563,freedom,cab,san joaquin,y2019,0.003696261,13.88388208,0.149027143
C564,freedom,chard,merced,y2019,0.00371878,13.95164612,0.149705035
C564,freedom,chard,merced,y2019,0.007322253,18.05088599,0.320578186
C565,freedom,chard,merced,y2019,0.005717045,16.91408877,0.243016453
C565,freedom,chard,merced,y2019,0.007723619,23.26245684,0.332780638
C566,freedom,chard,merced,y2019,0.004893866,14.9061177,0.202801011
C566,freedom,chard,merced,y2019,0.005229275,16.74821414,0.215101237
C573,freedom,cab,merced,y2019,0.00650988,14.64801999,0.202631652
C573,freedom,cab,merced,y2019,0.005337663,13.44395444,0.186821684
C574,freedom,cab,merced,y2019,0.007739676,20.25232175,0.320062626
C574,freedom,cab,merced,y2019,0.004077515,13.98753712,0.160172514
C575,freedom,cab,merced,y2019,0.004049555,14.27491432,0.155380159
C575,freedom,cab,merced,y2019,0.003657166,11.36269235,0.138569029
C576,freedom,cab,madera,y2019,0.00788171,20.71427709,0.346406344
C576,freedom,cab,madera,y2019,0.01006373,23.53942196,0.451575237
C577,freedom,cab,madera,y2019,0.006652504,23.22881823,0.284615245
C577,freedom,cab,madera,y2019,0.004803728,16.32125487,0.199887072
C578,freedom,cab,madera,y2019,0.007372004,21.94993656,0.307026716
C578,freedom,cab,madera,y2019,0.005651712,18.99911503,0.229399871
C579,freedom,chard,madera,y2019,0.007439664,18.30580715,0.307816197
C579,freedom,chard,madera,y2019,0.008404122,17.31942732,0.369950263
C580,freedom,chard,madera,y2019,0.007105334,18.7880707,0.300131278
C580,freedom,chard,madera,y2019,0.008878441,20.1506549,0.382523582
C581,freedom,chard,madera,y2019,0.008521944,20.66133148,0.379088297
C581,freedom,chard,madera,y2019,0.007413292,19.78591794,0.317841144
C594,freedom,cab,san joaquin,y2019,0.003126999,12.45539048,0.126753959
C594,freedom,cab,san joaquin,y2019,0.005066339,16.64581764,0.211809768
C595,freedom,cab,san joaquin,y2019,0.004890157,15.66986987,0.204140939
C595,freedom,cab,san joaquin,y2019,0.005212768,17.04359837,0.220548121
C596,freedom,cab,san joaquin,y2019,0.003813671,14.2637195,0.153250386
C596,freedom,cab,san joaquin,y2019,0.006746627,22.26736487,0.288377352
C603,freedom,chard,san joaquin,y2019,0.005373875,16.09124514,0.226094638
C603,freedom,chard,san joaquin,y2019,0.004346314,14.33577148,0.175030484
C604,freedom,chard,san joaquin,y2019,0.006863981,20.57348992,0.301143566
C604,freedom,chard,san joaquin,y2019,0.005241908,17.12929184,0.218109798
C605,freedom,chard,san joaquin,y2019,0.002605559,10.73400806,0.106457286
C605,freedom,chard,san joaquin,y2019,0.003971253,13.91564041,0.156387898
C612,freedom,cab,merced,y2019,0.003394288,12.45314033,0.132252411
C612,freedom,cab,merced,y2019,0.005369702,18.03503602,0.21816511
C613,freedom,cab,merced,y2019,0.00420586,14.66716609,0.169166538
C613,freedom,cab,merced,y2019,0.002872473,9.945912124,0.111243116
C614,freedom,cab,merced,y2019,0.005703053,16.27096543,0.233897298
C614,freedom,cab,merced,y2019,0.005866753,15.86507767,0.250763346
C615,freedom,chard,merced,y2019,0.004495113,18.1864602,0.177559076
C615,freedom,chard,merced,y2019,0.006908166,21.47613537,0.30474699
C616,freedom,chard,merced,y2019,0.004757763,15.06934511,0.187611142
C616,freedom,chard,merced,y2019,0.00396586,14.49978805,0.159544916
C617,freedom,chard,merced,y2019,0.003657116,11.81006598,0.142900058
C617,freedom,chard,merced,y2019,0.003392777,12.63672116,0.135463801
C618,freedom,chard,madera,y2019,0.007962631,19.2531679,0.348391016
C618,freedom,chard,madera,y2019,0.005919152,15.15204028,0.239284554
C619,freedom,chard,madera,y2019,0.00634679,16.1737238,0.27118172
C619,freedom,chard,madera,y2019,0.006702546,18.20896183,0.290571263
C620,freedom,chard,madera,y2019,0.008613682,19.72123343,0.379633147
C620,freedom,chard,madera,y2019,0.00693876,16.73989921,0.29181518
C627,freedom,cab,madera,y2019,0.007428863,19.08911262,0.302829908
C627,freedom,cab,madera,y2019,0.006019984,18.01370399,0.245380308
C628,freedom,cab,madera,y2019,0.004306455,14.66958144,0.17066973
C628,freedom,cab,madera,y2019,0.005995499,17.19012123,0.244893951
C629,freedom,cab,madera,y2019,0.003330597,13.63109666,0.128054242
C629,freedom,cab,madera,y2019,0.003209106,14.48666099,0.129978869
C1,5C,chard,san joaquin,y2018,0.006730813,16.85445893,0.263211904
C1,5C,chard,san joaquin,y2018,0.006827601,18.5761781,0.290037103
C2,5C,chard,san joaquin,y2018,0.008598026,19.4501025,0.37484949
C2,5C,chard,san joaquin,y2018,0.008316678,19.17071376,0.358313751
C3,5C,chard,san joaquin,y2018,0.008563339,19.99881038,0.390159543
C3,5C,chard,san joaquin,y2018,0.008186651,17.88941722,0.360058958
C13,5C,cab,san joaquin,y2018,0.004120523,13.49742298,0.137447807
C13,5C,cab,san joaquin,y2018,0.004405321,14.97372119,0.149686241
C14,5C,cab,san joaquin,y2018,0.003426125,11.88750727,0.108168437
C14,5C,cab,san joaquin,y2018,0.003681466,12.76578015,0.124330292
C15,5C,cab,san joaquin,y2018,0.0030243,10.20975558,0.100930284
C15,5C,cab,san joaquin,y2018,0.002327059,8.321296639,0.076128822
C28,5C,chard,merced,y2018,0.002627662,11.54146189,0.101526099
C28,5C,chard,merced,y2018,0.001517912,6.849189305,0.056796574
C29,5C,chard,merced,y2018,0.001730848,8.477523733,0.066917888
C29,5C,chard,merced,y2018,0.001095296,5.049982045,0.04165115
C30,5C,chard,merced,y2018,0.001270973,4.263856174,0.049327872
C30,5C,chard,merced,y2018,0.001353888,7.278590149,0.050549168
C31,5C,cab,madera,y2018,0.004340152,15.5930964,0.178622169
C31,5C,cab,madera,y2018,0.006517973,20.02086908,0.286069892
C32,5C,cab,madera,y2018,0.005887168,19.95481045,0.249462981
C32,5C,cab,madera,y2018,0.004121346,15.29124259,0.164875456
C33,5C,cab,madera,y2018,0.004009316,14.55958427,0.160266555
C33,5C,cab,madera,y2018,0.004101553,16.13478934,0.169309145
C43,5C,cab,san joaquin,y2018,0.003131457,12.98793698,0.124619922
C43,5C,cab,san joaquin,y2018,0.002794641,12.46558714,0.112310366
C44,5C,cab,san joaquin,y2018,0.002699893,10.76910759,0.104852776
C44,5C,cab,san joaquin,y2018,0.002815024,12.58617669,0.109901704
C45,5C,cab,san joaquin,y2018,0.003446778,14.18475991,0.137167212
C45,5C,cab,san joaquin,y2018,0.002184967,10.67369081,0.083289726
C55,5C,chard,san joaquin,y2018,0.003931203,13.66680063,0.161792002
C55,5C,chard,san joaquin,y2018,0.005302204,16.28408217,0.223565843
C56,5C,chard,san joaquin,y2018,0.004777163,16.05372171,0.200373055
C56,5C,chard,san joaquin,y2018,0.001979157,9.211375111,0.076106144
C57,5C,chard,san joaquin,y2018,0.003405724,12.69927205,0.139931482
C57,5C,chard,san joaquin,y2018,0.004345946,15.21358508,0.18036425
C67,5C,chard,merced,y2018,0.002777366,10.15194961,0.109084928
C67,5C,chard,merced,y2018,0.00271162,10.26679869,0.109031921
C68,5C,chard,merced,y2018,0.001759299,6.650459357,0.068346114
C68,5C,chard,merced,y2018,0.001938781,7.814670218,0.077732951
C69,5C,chard,merced,y2018,0.001674882,6.394008192,0.06505404
C69,5C,chard,merced,y2018,0.001486195,7.079058531,0.056926229
C82,5C,cab,madera,y2018,0.005397394,16.41834606,0.215099049
C82,5C,cab,madera,y2018,0.004151228,15.80053519,0.167582092
C83,5C,cab,madera,y2018,0.005153952,16.83422009,0.210035495
C83,5C,cab,madera,y2018,0.003597899,13.34375198,0.141734379
C84,5C,cab,madera,y2018,0.002597263,12.08032097,0.099792225
C84,5C,cab,madera,y2018,0.002420832,10.40729556,0.092497278
C85,5C,chard,san joaquin,y2018,0.003721001,13.28723906,0.150188265
C85,5C,chard,san joaquin,y2018,0.002911825,10.50750973,0.116520209
C86,5C,chard,san joaquin,y2018,0.001047165,3.698808593,0.040113663
C86,5C,chard,san joaquin,y2018,0.002023078,8.313530291,0.079429833
C87,5C,chard,san joaquin,y2018,0.004867962,14.88080591,0.202744307
C87,5C,chard,san joaquin,y2018,0.004385899,16.28678141,0.176991293
C94,5C,cab,san joaquin,y2018,0.003838755,13.99252243,0.151587571
C94,5C,cab,san joaquin,y2018,0.002669239,12.52424848,0.100896476
C95,5C,cab,san joaquin,y2018,0.004119992,13.73237961,0.157135231
C95,5C,cab,san joaquin,y2018,0.002124714,10.70971884,0.078927887
C96,5C,cab,san joaquin,y2018,0.001633099,7.58201943,0.061388152
C96,5C,cab,san joaquin,y2018,0.001996215,9.755751894,0.074468541
C106,5C,chard,merced,y2018,0.001555031,6.555270313,0.048037243
C106,5C,chard,merced,y2018,0.001394789,4.681850072,0.047787027
C107,5C,chard,merced,y2018,0.001429976,6.699593511,0.047964588
C107,5C,chard,merced,y2018,0.001030512,3.279412215,0.036632102
C108,5C,chard,merced,y2018,0.001597825,5.683342312,0.057241682
C108,5C,chard,merced,y2018,0.001573516,5.573475314,0.053940675
C121,5C,cab,madera,y2018,0.010141887,24.23513932,0.442493969
C121,5C,cab,madera,y2018,0.006875429,18.57725806,0.276648381
C122,5C,cab,madera,y2018,0.006129206,15.43293933,0.240630838
C122,5C,cab,madera,y2018,0.006759309,14.84894848,0.279876325
C123,5C,cab,madera,y2018,0.009972748,24.20925784,0.445454492
C123,5C,cab,madera,y2018,0.01037207,22.96059398,0.471200981
C127,5C,cab,san joaquin,y2018,0.001533083,9.110219793,0.056259575
C127,5C,cab,san joaquin,y2018,0.001095221,6.408382348,0.03970869
C128,5C,cab,san joaquin,y2018,0.001106123,6.525849282,0.039557784
C128,5C,cab,san joaquin,y2018,0.000826269,4.639366378,0.030995893
C129,5C,cab,san joaquin,y2018,0.001402845,7.036713255,0.050357569
C129,5C,cab,san joaquin,y2018,0.002069101,9.431797996,0.075220325
C139,5C,chard,san joaquin,y2018,0.003452717,11.91791342,0.120807828
C139,5C,chard,san joaquin,y2018,0.002484169,8.377899751,0.08986639
C140,5C,chard,san joaquin,y2018,0.002203354,8.584515522,0.070260736
C140,5C,chard,san joaquin,y2018,0.002326855,7.37626149,0.079667436
C141,5C,chard,san joaquin,y2018,0.002463171,6.689200795,0.074563255
C141,5C,chard,san joaquin,y2018,0.002046891,6.507493697,0.057085778
C145,5C,chard,merced,y2018,0.003888798,13.06122065,0.124720768
C145,5C,chard,merced,y2018,0.00279017,9.005802226,0.087123506
C146,5C,chard,merced,y2018,0.001964119,7.797389685,0.062183136
C146,5C,chard,merced,y2018,0.002771466,9.548654985,0.087600023
C147,5C,chard,merced,y2018,0.002089409,7.270004045,0.064401385
C147,5C,chard,merced,y2018,0.00244365,9.063108414,0.080535495
C160,5C,cab,madera,y2018,0.008903869,21.40191593,0.358254295
C160,5C,cab,madera,y2018,0.009120355,20.48467898,0.375821135
C161,5C,cab,madera,y2018,0.005704693,17.55140571,0.204908613
C161,5C,cab,madera,y2018,0.005383043,15.34591732,0.187668074
C162,5C,cab,madera,y2018,0.003122471,12.56152005,0.102595079
C162,5C,cab,madera,y2018,0.002441972,8.959095366,0.074596446
C169,5C,chard,san joaquin,y2018,0.003963133,15.63758002,0.160593949
C169,5C,chard,san joaquin,y2018,0.003076098,13.12088647,0.119814034
C170,5C,chard,san joaquin,y2018,0.004056649,15.35014188,0.165665419
C170,5C,chard,san joaquin,y2018,0.002880812,10.96676437,0.113878222
C171,5C,chard,san joaquin,y2018,0.007158043,19.75924179,0.306083092
C171,5C,chard,san joaquin,y2018,0.005991998,18.94606524,0.252909307
C181,5C,cab,san joaquin,y2018,0.003332418,14.22911488,0.1231909
C181,5C,cab,san joaquin,y2018,0.001677362,8.677357859,0.062640443
C182,5C,cab,san joaquin,y2018,0.001363961,6.286440471,0.049276985
C182,5C,cab,san joaquin,y2018,0.001984756,8.834663448,0.068110748
C183,5C,cab,san joaquin,y2018,0.002693394,12.26700565,0.099539416
C183,5C,cab,san joaquin,y2018,0.002978262,11.43928539,0.105341426
C196,5C,chard,merced,y2018,0.001440887,5.226672635,0.04520022
C196,5C,chard,merced,y2018,0.00151776,5.350338316,0.049398028
C197,5C,chard,merced,y2018,0.001382652,6.204055201,0.041590374
C197,5C,chard,merced,y2018,0.001360114,4.961782702,0.041127685
C198,5C,chard,merced,y2018,0.001579768,6.526919873,0.048239351
C198,5C,chard,merced,y2018,0.000789443,3.860196467,0.02372285
C199,5C,cab,madera,y2018,0.006073434,18.01840915,0.23865517
C199,5C,cab,madera,y2018,0.006657531,19.10683264,0.261202596
C200,5C,cab,madera,y2018,0.009598072,23.31643691,0.4084502
C200,5C,cab,madera,y2018,0.008182372,19.4563271,0.353714897
C201,5C,cab,madera,y2018,0.009765254,20.99636493,0.416668362
C201,5C,cab,madera,y2018,0.009246858,23.72075133,0.392521751
C211,5C,cab,san joaquin,y2018,0.001698275,7.847674941,0.058199436
C211,5C,cab,san joaquin,y2018,0.001067844,4.969807427,0.035537908
C212,5C,cab,san joaquin,y2018,0.002112192,8.3799489,0.072922401
C212,5C,cab,san joaquin,y2018,0.00155461,7.397071678,0.053694025
C213,5C,cab,san joaquin,y2018,0.002158152,9.836285825,0.073377941
C213,5C,cab,san joaquin,y2018,0.001315722,5.025875836,0.045662899
C223,5C,chard,san joaquin,y2018,0.003572818,13.02115634,0.142458107
C223,5C,chard,san joaquin,y2018,0.004155278,12.99019137,0.168019092
C224,5C,chard,san joaquin,y2018,0.003387059,11.73951925,0.136046675
C224,5C,chard,san joaquin,y2018,0.002271781,9.625278511,0.08777751
C225,5C,chard,san joaquin,y2018,0.002773162,11.59195071,0.108982948
C225,5C,chard,san joaquin,y2018,0.003185837,12.44710881,0.126854847
C235,5C,chard,merced,y2018,0.002361311,9.273841268,0.083564893
C235,5C,chard,merced,y2018,0.001908891,7.588020229,0.064785581
C236,5C,chard,merced,y2018,0.001868213,7.139362125,0.062018936
C236,5C,chard,merced,y2018,0.001281279,4.298493759,0.040062223
C237,5C,chard,merced,y2018,0.002765322,9.476710081,0.08617491
C237,5C,chard,merced,y2018,0.002420931,7.264234273,0.078173412
C250,5C,cab,madera,y2018,0.007220938,19.85394931,0.295302864
C250,5C,cab,madera,y2018,0.009032562,22.24429309,0.398272006
C251,5C,cab,madera,y2018,0.005622912,17.79278627,0.222442567
C251,5C,cab,madera,y2018,0.005242557,16.95856099,0.214435394
C252,5C,cab,madera,y2018,0.004157722,15.37176499,0.152788695
C252,5C,cab,madera,y2018,0.003556267,12.65529938,0.141613788
C253,5C,chard,san joaquin,y2018,0.001824477,8.946012569,0.070412399
C253,5C,chard,san joaquin,y2018,0.001475998,7.780213614,0.05560709
C254,5C,chard,san joaquin,y2018,0.001710463,8.582023149,0.065644297
C254,5C,chard,san joaquin,y2018,0.001411309,7.667793935,0.055554972
C255,5C,chard,san joaquin,y2018,0.001935102,9.349731821,0.074284875
C255,5C,chard,san joaquin,y2018,0.001743359,8.691529727,0.068772429
C262,5C,cab,san joaquin,y2018,0.001300406,4.944728598,0.050220681
C262,5C,cab,san joaquin,y2018,0.001410339,5.287881392,0.053671159
C263,5C,cab,san joaquin,y2018,0.000505008,4.699454149,0.017837288
C263,5C,cab,san joaquin,y2018,0.000943893,5.371868557,0.034955326
C264,5C,cab,san joaquin,y2018,0.002083373,10.21134719,0.076951414
C264,5C,cab,san joaquin,y2018,0.001189404,7.192640458,0.044451845
C274,5C,chard,merced,y2018,0.003329133,13.254016,0.133424622
C274,5C,chard,merced,y2018,0.00188644,9.770793948,0.067232814
C275,5C,chard,merced,y2018,0.001929058,9.656194454,0.075281798
C275,5C,chard,merced,y2018,0.001599064,7.985750433,0.059810045
C276,5C,chard,merced,y2018,0.00235456,9.411082153,0.089404525
C276,5C,chard,merced,y2018,0.001368337,8.071523836,0.052693733
C289,5C,cab,madera,y2018,0.003507685,14.60192552,0.134256433
C289,5C,cab,madera,y2018,0.003339358,13.74276121,0.128700104
C290,5C,cab,madera,y2018,0.003510479,12.24384491,0.13177126
C290,5C,cab,madera,y2018,0.003810405,13.94697782,0.149316025
C291,5C,cab,madera,y2018,0.005267209,17.02212841,0.214289024
C291,5C,cab,madera,y2018,0.004550897,13.15219079,0.178733282
C295,5C,cab,san joaquin,y2018,0.003791133,13.23438984,0.125141451
C295,5C,cab,san joaquin,y2018,0.002959331,10.52879106,0.09758603
C296,5C,cab,san joaquin,y2018,0.003896152,12.80825993,0.132697633
C296,5C,cab,san joaquin,y2018,0.003481237,11.77518985,0.120565448
C297,5C,cab,san joaquin,y2018,0.00459146,13.38375703,0.166685377
C297,5C,cab,san joaquin,y2018,0.004184316,13.76956769,0.152939909
C304,5C,chard,san joaquin,y2018,0.002605399,9.491944942,0.076090519
C304,5C,chard,san joaquin,y2018,0.002179338,8.190116119,0.068146944
C305,5C,chard,san joaquin,y2018,0.001727012,7.168295629,0.055406948
C305,5C,chard,san joaquin,y2018,0.001129684,5.107892636,0.037275287
C306,5C,chard,san joaquin,y2018,0.00137654,6.09551598,0.046271738
C306,5C,chard,san joaquin,y2018,0.00168772,6.593983572,0.058387122
C313,5C,chard,merced,y2018,0.002851436,11.43387118,0.111319006
C313,5C,chard,merced,y2018,0.002948496,11.52745655,0.118465394
C314,5C,chard,merced,y2018,0.003027923,12.43738555,0.121849311
C314,5C,chard,merced,y2018,0.002213192,9.974760487,0.086194323
C315,5C,chard,merced,y2018,0.002025739,9.604395867,0.078631329
C315,5C,chard,merced,y2018,0.001564704,6.700613784,0.059727621
C328,5C,cab,madera,y2018,0.006160633,19.05440292,0.264331226
C328,5C,cab,madera,y2018,0.004298432,16.09368422,0.175959181
C329,5C,cab,madera,y2018,0.004421911,15.75199695,0.179310537
C329,5C,cab,madera,y2018,0.003317677,13.0107313,0.133389733
C330,5C,cab,madera,y2018,0.005262503,17.56706997,0.212734129
C330,5C,cab,madera,y2018,0.004673384,17.91976145,0.189686367
C337,5C,cab,san joaquin,y2019,0.00557753,19.64783901,0.221564903
C337,5C,cab,san joaquin,y2019,0.006274656,19.91907831,0.256520802
C338,5C,cab,san joaquin,y2019,0.006650487,20.38587334,0.28181694
C338,5C,cab,san joaquin,y2019,0.007074524,21.1755578,0.292702183
C339,5C,cab,san joaquin,y2019,0.008551952,24.4681792,0.3537444
C339,5C,cab,san joaquin,y2019,0.002312253,11.98539418,0.087694544
C349,5C,chard,san joaquin,y2019,0.010217585,21.1973339,0.44779906
C349,5C,chard,san joaquin,y2019,0.003603015,13.1820697,0.138139906
C350,5C,chard,san joaquin,y2019,0.00653775,19.84413357,0.271974787
C350,5C,chard,san joaquin,y2019,0.006391844,20.3456889,0.262763806
C351,5C,chard,san joaquin,y2019,0.005747281,18.00347096,0.233656456
C351,5C,chard,san joaquin,y2019,0.004179858,16.23208064,0.164152488
C377,5C,cab,madera,y2019,0.005214744,17.71103098,0.199828982
C377,5C,cab,madera,y2019,0.005855811,15.98619839,0.236601315
C378,5C,cab,madera,y2019,0.006118566,19.89150565,0.241402517
C378,5C,cab,madera,y2019,0.004057124,16.35289036,0.1582616
C376,5C,cab,madera,y2019,0.001957867,8.754033223,0.067269858
C376,5C,cab,madera,y2019,0.00334026,12.84669366,0.116635609
C361,5C,chard,merced,y2019,0.007109535,18.10606288,0.302089551
C361,5C,chard,merced,y2019,0.007942206,20.61431859,0.340480131
C362,5C,chard,merced,y2019,0.006262309,15.30048259,0.261357401
C362,5C,chard,merced,y2019,0.008547671,19.65770262,0.389094677
C363,5C,chard,merced,y2019,0.008102388,21.11706776,0.342928254
C363,5C,chard,merced,y2019,0.006986342,17.86778876,0.30403797
C379,5C,chard,san joaquin,y2019,0.006782707,19.42315033,0.295262138
C379,5C,chard,san joaquin,y2019,0.009028336,19.7263422,0.445269149
C380,5C,chard,san joaquin,y2019,0.006249396,19.07497522,0.256941894
C380,5C,chard,san joaquin,y2019,0.007039138,20.91701067,0.300724476
C381,5C,chard,san joaquin,y2019,0.008840451,23.51651918,0.411549783
C381,5C,chard,san joaquin,y2019,0.00729453,19.18067518,0.31754021
C388,5C,cab,san joaquin,y2019,0.005424407,19.5966146,0.2133939
C388,5C,cab,san joaquin,y2019,0.006218498,21.78724745,0.252342867
C389,5C,cab,san joaquin,y2019,0.006951775,21.20473476,0.283674325
C389,5C,cab,san joaquin,y2019,0.006415396,20.70137523,0.259372231
C390,5C,cab,san joaquin,y2019,0.004897177,17.64532579,0.186720887
C390,5C,cab,san joaquin,y2019,0.006444512,21.38421546,0.259959971
C415,5C,cab,madera,y2019,0.006492512,18.65247798,0.276438024
C415,5C,cab,madera,y2019,0.005318524,15.84945826,0.221341199
C416,5C,cab,madera,y2019,0.007259964,20.49144154,0.329235775
C416,5C,cab,madera,y2019,0.00380769,14.01684318,0.157090355
C417,5C,cab,madera,y2019,0.005869569,18.60217265,0.248902361
C417,5C,cab,madera,y2019,0.007083466,19.69301107,0.301106141
C400,5C,chard,merced,y2019,0.002545405,9.31154546,0.102051119
C400,5C,chard,merced,y2019,0.003606846,12.47622687,0.147156258
C401,5C,chard,merced,y2019,0.003776359,13.18579995,0.153458218
C401,5C,chard,merced,y2019,0.005630035,17.63166501,0.239640856
C402,5C,chard,merced,y2019,0.004956704,15.53188207,0.206877275
C402,5C,chard,merced,y2019,0.002900074,10.0803225,0.115599821
C420_2,5C,cab,san joaquin,y2019,0.003894194,16.04591303,0.156476568
C420_2,5C,cab,san joaquin,y2019,0.003908339,16.63979458,0.155396917
C421,5C,cab,san joaquin,y2019,0.007381792,23.13529183,0.318710022
C421,5C,cab,san joaquin,y2019,0.00526012,18.63100306,0.220546601
C422,5C,cab,san joaquin,y2019,0.006827187,19.5227688,0.296627071
C422,5C,cab,san joaquin,y2019,0.005155492,19.6236285,0.215600064
C432,5C,chard,san joaquin,y2019,0.008543033,23.06698289,0.368313795
C432,5C,chard,san joaquin,y2019,0.003864307,13.88106872,0.162948236
C433,5C,chard,san joaquin,y2019,0.006308697,19.44245151,0.280917309
C433,5C,chard,san joaquin,y2019,0.004645462,15.7083567,0.191676945
C434,5C,chard,san joaquin,y2019,0.00794853,22.13672664,0.339506656
C434,5C,chard,san joaquin,y2019,0.004560108,16.11295437,0.189712149
C453,5C,cab,madera,y2019,0.007233817,20.64501783,0.315061535
C453,5C,cab,madera,y2019,0.005839865,19.78147421,0.235608158
C454,5C,cab,madera,y2019,0.004208867,16.05540962,0.171677088
C454,5C,cab,madera,y2019,0.003663246,15.30774337,0.149055432
C455,5C,cab,madera,y2019,0.00330101,12.79648803,0.130629508
C455,5C,cab,madera,y2019,0.004458309,15.77506913,0.174400294
C438,5C,chard,merced,y2019,0.003890387,13.73108809,0.156309812
C438,5C,chard,merced,y2019,0.001697401,7.53266479,0.066974647
C439,5C,chard,merced,y2019,0.00339548,11.46250874,0.135691366
C439,5C,chard,merced,y2019,0.005072826,16.28963985,0.214221924
C440,5C,chard,merced,y2019,0.002864104,10.31302607,0.11335194
C440,5C,chard,merced,y2019,0.003287229,11.98494785,0.133660289
C462,5C,chard,san joaquin,y2019,0.006024221,17.19961601,0.261318808
C462,5C,chard,san joaquin,y2019,0.005015981,15.40217763,0.22398805
C463,5C,chard,san joaquin,y2019,0.006015952,16.58627129,0.269749158
C463,5C,chard,san joaquin,y2019,0.004715519,14.00752625,0.214448957
C464,5C,chard,san joaquin,y2019,0.007841747,21.26018934,0.372172689
C464,5C,chard,san joaquin,y2019,0.003954354,13.05801228,0.164915605
C474,5C,cab,san joaquin,y2019,0.002668758,12.38270691,0.104415212
C474,5C,cab,san joaquin,y2019,0.005308273,17.03158102,0.214938354
C475,5C,cab,san joaquin,y2019,0.003607298,13.59656244,0.141998329
C475,5C,cab,san joaquin,y2019,0.002307398,10.46187448,0.089931088
C476,5C,cab,san joaquin,y2019,0.003641492,14.47593426,0.144919765
C476,5C,cab,san joaquin,y2019,0.002219341,8.828341411,0.085788254
C489,5C,chard,merced,y2019,0.005303894,16.70331895,0.218513371
C489,5C,chard,merced,y2019,0.004028078,14.55452836,0.164783051
C490,5C,chard,merced,y2019,0.004726714,15.80950219,0.20109353
C490,5C,chard,merced,y2019,0.004074759,14.20007707,0.162307776
C491,5C,chard,merced,y2019,0.003009572,13.27499795,0.123190879
C491,5C,chard,merced,y2019,0.002929165,13.38061432,0.117659293
C492,5C,cab,madera,y2019,0.002549017,9.921784117,0.097236067
C492,5C,cab,madera,y2019,0.005979707,18.65744,0.252352065
C493,5C,cab,madera,y2019,0.009590977,26.28306724,0.408221809
C493,5C,cab,madera,y2019,0.007409017,22.69007665,0.307170452
C494,5C,cab,madera,y2019,0.008386901,21.75254826,0.368497088
C494,5C,cab,madera,y2019,0.010208685,24.61770405,0.452636193
C528,5C,chard,merced,y2019,0.001063925,6.702283254,0.041135583
C528,5C,chard,merced,y2019,0.001194452,6.095416895,0.047329837
C529,5C,chard,merced,y2019,0.001710877,7.827620363,0.065730455
C529,5C,chard,merced,y2019,0.001281625,7.441013948,0.048812379
C530,5C,chard,merced,y2019,0.002151804,9.146139791,0.082056149
C530,5C,chard,merced,y2019,0.001791472,8.407904745,0.070295337
C543,5C,cab,madera,y2019,0.005030236,18.20773021,0.199733519
C543,5C,cab,madera,y2019,0.00758115,22.46901679,0.319946574
C544,5C,cab,madera,y2019,0.003921908,15.67434733,0.156063754
C544,5C,cab,madera,y2019,0.006923506,21.18086694,0.287687457
C545,5C,cab,madera,y2019,0.005134135,17.99084109,0.213391496
C545,5C,cab,madera,y2019,0.004680333,16.45228072,0.185304851
C504,5C,cab,san joaquin,y2019,0.004864782,18.24503641,0.201159717
C504,5C,cab,san joaquin,y2019,0.004710137,18.98407434,0.197099733
C505,5C,cab,san joaquin,y2019,0.005069469,18.49175649,0.214640892
C505,5C,cab,san joaquin,y2019,0.007793053,23.96474305,0.340404106
C506,5C,cab,san joaquin,y2019,0.006064933,19.92633883,0.260355032
C506,5C,cab,san joaquin,y2019,0.006080098,20.7995127,0.262839208
C516,5C,chard,san joaquin,y2019,0.004823747,15.017296,0.19926717
C516,5C,chard,san joaquin,y2019,0.003425675,11.547097,0.137098298
C517,5C,chard,san joaquin,y2019,0.002990936,10.70683161,0.122999652
C517,5C,chard,san joaquin,y2019,0.003773032,10.26319069,0.154272611
C518,5C,chard,san joaquin,y2019,0.002766301,10.63891507,0.110962285
C518,5C,chard,san joaquin,y2019,0.003251961,11.29451609,0.132450504
C546,5C,chard,san joaquin,y2019,0.002634716,12.1731222,0.103997972
C546,5C,chard,san joaquin,y2019,0.003946215,15.48261343,0.157914198
C547,5C,chard,san joaquin,y2019,0.002113465,9.699470146,0.081002087
C547,5C,chard,san joaquin,y2019,0.002398126,9.541633158,0.099973329
C548,5C,chard,san joaquin,y2019,0.003579418,12.7926674,0.147876322
C548,5C,chard,san joaquin,y2019,0.003487291,12.72196212,0.138785281
C555,5C,cab,san joaquin,y2019,0.003851203,16.17526434,0.160293184
C555,5C,cab,san joaquin,y2019,0.003632029,14.97165536,0.14477332
C556,5C,cab,san joaquin,y2019,0.003306609,14.28837841,0.130524937
C556,5C,cab,san joaquin,y2019,0.001709977,10.64384338,0.063869704
C557,5C,cab,san joaquin,y2019,0.003527032,12.49422022,0.139512375
C557,5C,cab,san joaquin,y2019,0.001575871,9.917454681,0.060885742
C567,5C,chard,merced,y2019,0.002882646,9.277669596,0.101395847
C567,5C,chard,merced,y2019,0.002751765,9.745033429,0.106846351
C568,5C,chard,merced,y2019,0.00229223,9.912806966,0.088006119
C568,5C,chard,merced,y2019,0.001527579,5.838510104,0.061175733
C569,5C,chard,merced,y2019,0.002226776,9.904354296,0.089749998
C569,5C,chard,merced,y2019,0.001900276,9.299569731,0.070950775
C582,5C,cab,madera,y2019,0.004826625,14.24082558,0.154271394
C582,5C,cab,madera,y2019,0.006539309,18.39191789,0.235160659
C583,5C,cab,madera,y2019,0.005901256,19.21512519,0.229484969
C583,5C,cab,madera,y2019,0.005239666,17.58700213,0.211322695
C584,5C,cab,madera,y2019,0.004872529,17.2208581,0.19465313
C584,5C,cab,madera,y2019,0.006772537,20.76254346,0.276988437
C588,5C,cab,san joaquin,y2019,0.006327514,21.67122561,0.26709222
C588,5C,cab,san joaquin,y2019,0.00251037,10.29959876,0.104351188
C589,5C,cab,san joaquin,y2019,0.004421613,15.70868248,0.179194547
C589,5C,cab,san joaquin,y2019,0.004004418,14.6622273,0.16329586
C590,5C,cab,san joaquin,y2019,0.005509681,17.05345771,0.238355072
C590,5C,cab,san joaquin,y2019,0.005755632,19.12591287,0.245070899
C597,5C,chard,san joaquin,y2019,0.002441344,9.176482865,0.098109947
C597,5C,chard,san joaquin,y2019,0.00437337,14.25385458,0.181715399
C598,5C,chard,san joaquin,y2019,0.001947914,8.508529507,0.078660713
C598,5C,chard,san joaquin,y2019,0.002671613,10.69277397,0.10650898
C599,5C,chard,san joaquin,y2019,0.00479155,15.48104114,0.205243771
C599,5C,chard,san joaquin,y2019,0.004385153,13.32331882,0.185545805
C606,5C,chard,merced,y2019,0.002323931,9.889000816,0.092011815
C606,5C,chard,merced,y2019,0.002829525,12.33654515,0.115588696
C607,5C,chard,merced,y2019,0.003186542,13.01042464,0.129552027
C607,5C,chard,merced,y2019,0.001748729,7.585184201,0.069709438
C608,5C,chard,merced,y2019,0.001888647,8.553926332,0.072353114
C608,5C,chard,merced,y2019,0.00230447,9.869633704,0.091522059
C621,5C,cab,madera,y2019,0.004959846,17.55898662,0.203001331
C621,5C,cab,madera,y2019,0.004908126,15.46299644,0.200414268
C622,5C,cab,madera,y2019,0.005271696,18.01374618,0.214160851
C622,5C,cab,madera,y2019,0.005741422,18.72383499,0.236993534
C623,5C,cab,madera,y2019,0.005541195,16.00033396,0.222449122
C623,5C,cab,madera,y2019,0.00390732,14.85652595,0.15513058